player_id,player_name,position,average_auction_value,average_draft_position,percent_owned,injured
4362628,Ja'Marr Chase,3,63.34964163290745,1.5476060892676922,99.92267730295508,false
4430807,Bijan Robinson,2,60.262387036459955,2.994747715996217,99.89288116755871,false
3929630,Saquon Barkley,2,60.38142723589903,3.6217608640514034,99.9106119516756,false
4262921,Justin Jefferson,3,57.696167030227485,4.785002087153176,99.89416171139965,false
4429795,Jahmyr Gibbs,2,57.791212215643505,5.332468520641899,99.9016554063935,false
4241389,CeeDee Lamb,3,54.77594266126519,6.913179711814344,99.88355960304244,false
3117251,Christian McCaffrey,2,53.197257712683076,7.992818908622065,99.86162167695517,false
4426515,Puka Nacua,3,49.075724524774074,10.252933872288711,99.8574204433493,false
4374302,Amon-Ra St. Brown,3,50.66500467435338,10.438690859902565,99.88045230705112,false
4595348,Malik Nabers,3,49.079152383920224,11.858133956122924,99.82378661363205,false
4890973,Ashton Jeanty,2,48.0,12.673835276960228,99.54849064260567,false
3043078,Derrick Henry,2,43.64911187285759,15.244928478199986,99.84791069140311,false
4258173,Nico Collins,3,44.58678716110938,15.4764783277235,99.78192440289695,false
4429160,De'Von Achane,2,42.65721408538486,16.01643866017786,99.71977121046773,false
4432773,Brian Thomas Jr.,3,41.0068557182923,18.792431295672987,99.67206522136512,false
4242335,Jonathan Taylor,2,38.713929573075724,19.029823458231835,99.72635092523366,false
4047646,A.J. Brown,3,39.575880336553446,19.155975567227113,99.78466791698199,false
4047365,Josh Jacobs,2,37.38360860081022,19.97978324852443,99.74828856330717,false
4432665,Brock Bowers,4,34.88566978193146,20.856140387958593,99.84973649045132,false
3918298,Josh Allen,1,34.69625,20.917701764780567,99.86588110442244,false
4426502,Drake London,3,37.686506699906516,22.049129481387546,99.45509018156959,false
3916387,Lamar Jackson,1,33.5146875,22.871825934233357,99.85984300953287,false
4596448,Bucky Irving,2,33.66718603926457,24.55286073594995,99.5110198754426,false
4361307,Trey McBride,4,30.013395638629284,26.50212685009538,99.78411085112606,false
4362238,Chase Brown,2,33.02243689622936,27.276538069295682,98.53797909152895,false
4239993,Tee Higgins,3,28.671548769086943,28.139787900724436,99.50005301083249,false
4426348,Jayden Daniels,1,28.155625,28.444624890233708,99.79928165888128,false
4040715,Jalen Hurts,1,26.6296875,29.66672132968678,99.78665593237396,false
4612826,Ladd McConkey,3,28.801184169523214,30.92675452038002,98.89573557610576,false
3116406,Tyreek Hill,3,29.30819569959489,30.93537086061221,99.0470811032143,false
4430737,Kyren Williams,2,28.656902461826114,31.858177763921987,99.06261881781755,false
4379399,James Cook,2,25.888127142411967,33.29556983429151,99.08619290305126,false
3915511,Joe Burrow,1,23.613125,33.91342206610521,99.70907360986588,false
16800,Davante Adams,3,24.88968526020567,35.791074193258616,98.73652577491076,false
3040151,George Kittle,4,20.26448598130841,36.31101282478084,99.78118441930695,false
4430878,Jaxon Smith-Njigba,3,21.288251791835464,39.066444743864096,98.50949525009003,false
3121422,Terry McLaurin,3,19.58647553755064,40.84876698141621,97.71779643511942,false
4567048,Kenneth Walker III,2,20.9286382050483,42.60402851239888,97.85890292767102,false
3054850,Alvin Kamara,2,19.336553443440323,42.94606519522106,97.80825223196332,false
4685382,Omarion Hampton,2,22.50981614210034,43.68875197489049,96.15760052938101,false
4569618,Garrett Wilson,3,18.428482393268933,45.595345912614334,97.36007019339743,false
16737,Mike Evans,3,17.824555936428794,46.20911074827344,98.00605786965527,false
4241416,Chuba Hubbard,2,17.541290121533187,48.99051514142743,96.45591926193623,false
3139477,Patrick Mahomes,1,12.6953125,49.54917156883491,96.81280659285567,false
4432708,Marvin Harrison Jr.,3,16.203801807416642,50.6243111146337,96.86324975368467,false
4047650,DK Metcalf,3,14.095668432533499,50.74677812240757,97.50578540797636,false
4430027,Sam LaPorta,4,9.942367601246106,51.511009305201085,99.02548616011202,false
4683062,Xavier Worthy,3,13.020255531318167,51.92028215899184,96.90163089375609,false
4432710,TreVeyon Henderson,2,17.223434091617325,53.31715887534412,91.36608585655478,false
3045147,James Conner,2,16.40666874415706,53.443988248100354,95.45508554047063,false
4427366,Breece Hall,2,13.855718292302898,58.07780226051393,95.40282203004097,false
3052587,Baker Mayfield,1,9.3325,58.480135848577504,95.10843809980368,false
3915416,DJ Moore,3,10.657525708943597,61.46177298931049,94.53696950420338,false
4036133,T.J. Hockenson,4,6.771028037383178,61.885065549255735,95.66028078385493,false
4429615,Zay Flowers,3,9.941103147397943,62.40360258489958,94.64044163345885,false
4259545,D'Andre Swift,2,10.8504206918043,62.74656140851471,92.46052492075736,false
15847,Travis Kelce,4,7.099688473520249,64.28018241290206,95.68965674831317,false
3128429,Courtland Sutton,3,9.853848550950453,67.19157829103456,92.37390687607851,false
4428331,Rashee Rice,3,9.678404487379247,67.40543610933513,93.26507744137287,false
4035538,David Montgomery,2,8.264256777812403,67.95136037706936,92.72174227772761,false
4241478,DeVonta Smith,3,8.848239326893113,70.99947160958288,91.8548537460105,false
3925357,Calvin Ridley,3,8.863820504830166,71.10002166457947,90.56312333655056,false
4426354,George Pickens,3,8.185416017450919,76.13713244035824,91.17772862704956,false
4372016,Jaylen Waddle,3,7.452165783733251,76.26310561106679,89.86176968438447,false
4241463,Jerry Jeudy,3,6.37425989404799,76.74830251887704,90.4134479342227,false
4426388,Jameson Williams,3,7.746338423184793,77.22602837441548,89.95616584591875,false
4426338,Bo Nix,1,6.114375,77.23934594468778,91.55900354048688,false
4361529,Isiah Pacheco,2,7.734496727952633,77.42410711926742,89.55618397553428,false
3042519,Aaron Jones Sr.,2,6.765347460267996,78.83790324711353,89.21542820583129,false
3123076,David Njoku,4,3.714330218068536,79.5445961013089,92.32297750600968,false
4685415,Travis Hunter,3,6.7915238392022435,79.77074528780322,93.02825395665046,false
3116365,Mark Andrews,4,4.223364485981309,79.97883673372331,91.94402551939089,false
4685472,Tetairoa McMillan,3,6.704269242754752,83.40932699979393,88.05697322433939,false
3916148,Tony Pollard,2,6.187909005920847,83.90220085074903,86.91253084727173,false
4568490,RJ Harvey,2,7.1950763477718915,86.51908860813003,86.93944999744083,false
4431299,Rome Odunze,3,5.223122468058585,87.87028083802278,86.71064705645796,false
3917315,Kyler Murray,1,4.4234375,90.2718452765111,87.59050231184577,false
3051876,Evan Engram,4,3.4881619937694706,90.83027552023336,87.91133258871037,false
4361741,Brock Purdy,1,3.799375,92.2932245709812,86.79713759278945,false
2977187,Cooper Kupp,3,4.249922094110315,92.72268281470444,87.80910912228364,false
3916433,Jakobi Meyers,3,3.8569647865378625,95.33507178373466,84.97210523237109,false
4360516,Tyrone Tracy Jr.,2,4.160797756310377,96.25966847909368,84.32403382481436,false
2976212,Stefon Diggs,3,3.8208164537239013,97.50088508668566,85.88838741401655,false
4701936,Matthew Golden,3,4.028980990962917,97.55497022567197,85.50297588581958,false
-16023,Steelers D/ST,16,2.665351742274819,99.25306958073627,98.2209630258267,false
4361370,Chris Olave,3,3.4945465877220316,99.8660893090202,84.18476184557116,false
3116385,Joe Mixon,2,4.293237768775319,100.79697746307697,90.34327820725383,true
3116165,Chris Godwin,3,3.4175755687129947,101.97570422349155,83.02559687346337,true
4569987,Jaylen Warren,2,2.959800560922406,102.46015038388578,82.04378734784382,false
-16034,Texans D/ST,16,2.162721893491124,102.67774091720305,97.38378610751325,false
-16007,Broncos D/ST,16,3.0184089414858644,103.10137253535846,98.35771224850558,false
4038941,Justin Herbert,1,3.001875,104.75313964683602,83.93765792733467,false
4819231,Kaleb Johnson,2,3.962916796509816,105.36906542105457,84.23482873719962,false
4685702,Quinshon Judkins,2,2.930507946400748,107.61364537043397,76.94267841931509,false
3126486,Deebo Samuel,3,3.1268307884076036,108.0777485984222,83.56594078518039,false
4689936,Jake Bates,5,2.044581618655693,109.34524886877828,98.5923942113396,false
4241985,J.K. Dobbins,2,2.349953256466189,112.41971074838703,77.09738214535756,false
4572680,Tucker Kraft,4,1.8031152647975077,113.24999339494528,82.13771911063338,false
3953687,Brandon Aubrey,5,2.5325788751714677,113.53554806179835,97.14427396843026,false
2577417,Dak Prescott,1,3.455625,113.88667527191163,76.99705414158417,false
4431459,Tyler Warren,4,2.7121495327102805,114.14561393311386,78.08214420204813,false
4429205,Jordan Addison,3,2.630414459333126,114.25618874005971,80.44740733699774,false
4241474,Brian Robinson Jr.,2,2.7344967279526333,114.6077707147726,80.24619141803186,false
4035687,Michael Pittman Jr.,3,2.0448737924587097,116.71005701422978,77.89631081165068,false
4428209,Ricky Pearsall,3,2.76939856653163,116.84446910253362,78.9071439800242,false
4373678,Khalil Shakir,3,1.7298223745715176,117.96452349248621,79.5926947550447,false
3150744,Chase McLaughlin,5,1.577846364883402,118.17904586444294,96.58300304962985,false
4567750,Emeka Egbuka,3,3.459956372701776,118.89974901587804,80.7138861774351,false
4361579,Javonte Williams,2,1.9445310065440948,119.76838979334104,78.08587023679391,false
-16033,Ravens D/ST,16,1.967784352399737,120.67870024492333,88.67575610461131,false
4569173,Rhamondre Stevenson,2,1.6357120598317232,121.30799105939793,77.39122169149972,false
4431611,Caleb Williams,1,2.278125,121.54586908452269,74.26134783436041,false
4723086,Colston Loveland,4,1.7021806853582555,122.05066816027391,77.54490963233238,false
4635008,Keon Coleman,3,1.6325958242443128,122.09154892366873,78.55595628275456,false
3886598,Jauan Jennings,3,1.6805858522904331,122.29723488911551,78.8563939172923,false
-16016,Vikings D/ST,16,1.6219592373438527,122.31594066197908,93.58675511414172,false
4362081,Cameron Dicker,5,1.7194787379972565,123.20830662321222,96.09064198237084,false
4362887,Justin Fields,1,2.1340625,124.08417004348424,72.89033396031705,false
3046779,Jared Goff,1,2.3275,126.24481439748615,70.36484730938832,false
4239996,Travis Etienne Jr.,2,1.916484886257401,127.71968379947899,76.00260304797908,false
3068267,Austin Ekeler,2,1.4640074789654098,127.83319154332698,74.13719353918823,false
15818,Keenan Allen,3,1.4029292614521658,128.30854059995033,63.804833821395015,false
4696981,Cam Skattebo,2,1.740729199127454,128.8627868514634,76.67793301246488,false
3121023,Dallas Goedert,4,1.1214953271028036,130.5140029379749,74.45369425889974,false
-16021,Eagles D/ST,16,1.5621301775147929,131.51698893843252,85.58939665986632,false
4362249,Jayden Reed,3,1.2112807728264257,133.00782021949453,72.10969160660329,false
4385690,Dalton Kincaid,4,1.1255451713395639,136.9602950656817,69.67651241778451,false
4032473,Rashid Shaheed,3,1.08382673730134,137.88127004591738,69.12806639125508,false
4431452,Drake Maye,1,1.9684375,138.21136185700078,60.84682901123995,false
4360248,Kyle Pitts Sr.,4,1.2286604361370717,138.7139241308977,61.77822787771987,false
-16008,Lions D/ST,16,1.1324786324786325,138.96679921968789,79.3884501499042,false
4360569,Jordan Mason,2,1.8529136802742288,138.97135519870648,64.78805527069589,false
-16026,Seahawks D/ST,16,1.064431295200526,139.1171004115932,77.30545734848316,false
4433970,J.J. McCarthy,1,1.89375,139.4206984839027,63.8495247330912,false
4040655,Darnell Mooney,3,1.0093487067622313,139.65522871500056,65.18614925940616,false
4429013,Tank Bigsby,2,1.4231847927703334,140.17842102203974,67.85168503177029,false
4877706,Jayden Higgins,3,1.090682455593643,141.03038228844682,64.53448518538151,false
4036378,Jordan Love,1,1.868125,141.06657991070483,58.38439764844941,false
4688813,Josh Downs,3,1.038641321283889,141.09229875036326,56.19289952509953,false
4432577,C.J. Stroud,1,1.8525,142.2592416259337,55.4719377019545,false
3050478,Jake Elliott,5,1.1083676268861453,142.87885235922494,83.22431104226796,false
4242355,Jake Ferguson,4,0.9629283489096573,143.26122474860895,58.426074875694646,false
4428557,Tyjae Spears,2,0.9560610782175133,145.8021442649631,61.53188082324748,false
17372,Chris Boswell,5,0.9969135802469136,146.27412985977557,76.55189321407147,false
4426385,Zach Charbonnet,2,1.4178871922717358,147.50239100453894,59.742512649527654,false
3124679,Jason Sanders,5,0.9087791495198903,148.81205927825332,78.48040845360786,false
3055899,Harrison Butker,5,1.0102880658436213,149.91745002235595,68.44797325532804,false
-16017,Patriots D/ST,16,0.9191321499013807,149.946813584938,75.44341748321203,false
-16002,Bills D/ST,16,0.8980933596318211,151.21234906666524,58.04030203363135,false
4697815,Rachaad White,2,0.9068245559364287,151.32220361103919,60.040544221168915,false
3917232,Tyler Bass,5,0.9015775034293553,152.65515290923489,73.7313366306292,false
16460,Adam Thielen,3,0.6606419445310066,153.7489497963001,48.284453511157906,false
4686361,Cam Little,5,0.6227709190672154,154.8947150113931,35.18905104879779,false
3128720,Nick Chubb,2,0.8769086942972889,155.39963010911782,50.68111024992322,false
4429275,Trey Benson,2,0.9027734496727953,155.99335802717027,41.569677637531875,false
3046439,Hunter Henry,4,0.4046728971962617,157.70211686623477,30.748728598222414,false
4575131,Jacory Croskey-Merritt,2,0.9199127454035525,158.3632900222456,33.85619361855755,false
4685279,Jaydon Blue,2,0.8806481770021813,158.65829867954537,35.524817340788985,false
4430034,Xavier Legette,3,0.5375506388282955,158.6602731764022,38.0165319470188,false
15835,Zach Ertz,4,0.3233644859813084,159.39726700591302,28.376794903433968,false
4360438,Brandon Aiyuk,3,0.6064194453100654,159.8115327101816,38.048224969427544,true
4685247,Braelon Allen,2,0.6759114989093176,161.43781010404172,23.10005392510808,false
4241479,Tua Tagovailoa,1,0.8059375,161.46312832612122,23.505668469549814,false
4373626,Tyler Allgeier,2,0.6668744157058274,161.9207608982827,31.328534294603454,false
4369863,Cedric Tillman,3,0.4521657837332502,162.59543674802248,28.20419078816284,false
12483,Matthew Stafford,1,0.566875,163.31159803631132,21.414051221435642,false
4688380,Cam Ward,1,0.620625,163.34544906315134,23.629959654916885,false
4686472,Marvin Mims Jr.,3,0.4661888438765971,163.87308657631237,29.812580315540682,false
4360310,Trevor Lawrence,1,0.8084375,164.0244294677148,26.718886943284097,false
4241457,Najee Harris,2,0.46556559675911496,164.35545609705835,40.390201279222595,true
4241372,Hollywood Brown,3,0.4294172639451542,164.35572335152787,35.09810659930025,false
4682745,Jaylen Wright,2,0.535057650358367,164.74727742521836,16.451757961736867,false
4372019,Jerome Ford,2,0.43066375818011843,165.19035968866086,49.64966703287262,false
4697745,Tyler Loop,5,0.4715363511659808,165.64512844822477,41.13438690397698,false
4249087,Matt Gay,5,0.36454046639231824,165.71568014824712,27.03030483127766,false
-16011,Colts D/ST,16,0.44017094017094016,166.0585725846647,26.344978635250172,false
4360423,Michael Penix Jr.,1,0.6153125,166.33505787257454,15.09640754280612,false
4360939,Rashod Bateman,3,0.290121533187909,166.42801359041695,19.813291850757782,false
2971573,Ka'imi Fairbairn,5,0.2911522633744856,166.57647160226472,33.72323887812696,false
3895856,Christian Kirk,3,0.27983795574945464,166.78691036676548,16.2318231256455,false
3054212,Jonnu Smith,4,0.17383177570093458,166.7897465163837,30.237863687216198,false
-16012,Chiefs D/ST,16,0.22320841551610782,166.81377787543747,15.632371334599526,false
4569587,Wan'Dale Robinson,3,0.23558741040822687,166.83131753454333,17.778058062888665,false
4372561,Isaac Guerendo,2,0.4540355250856965,166.89654425363275,23.90198426118032,false
17427,Cairo Santos,5,0.41941015089163236,166.92377391828995,33.052201077972875,false
-16025,49ers D/ST,16,0.20118343195266272,166.95743654604698,15.570482234678279,false
-16019,Giants D/ST,16,0.1623931623931624,167.10843980449323,16.879201595031095,false
4685278,Luther Burden III,3,0.27454035525085696,167.28431709263066,18.8983373060556,false
-16020,Jets D/ST,16,0.304404996712689,167.56103521643826,26.353044071213628,false
4685720,Bryce Young,1,0.408125,167.6051153195091,13.114940068101518,false
4360234,Evan McPherson,5,0.18381344307270234,167.79483933525466,14.90159151144369,false
3049899,Younghoe Koo,5,0.19170096021947874,167.92757214503888,6.992868021247353,false
4432762,Shedeur Sanders,1,0.1725,168.17191963435536,6.261835973308108,false
4360635,Chig Okonkwo,4,0.129595015576324,168.22238368252795,12.302663810060032,false
8439,Aaron Rodgers,1,0.225,168.31070200497277,6.397842379530418,false
-16006,Cowboys D/ST,16,0.07396449704142012,168.470727576745,5.648203737057049,false
-16009,Packers D/ST,16,0.1423405654174885,168.49506945635397,16.247220575155648,false
4361411,Pat Freiermuth,4,0.08286604361370717,168.55283362836533,12.7958437911878,false
4361050,Isaiah Likely,4,0.09657320872274143,168.57083146186162,8.33912210530934,false
2576925,Darren Waller,4,0.16261682242990655,168.58581076082476,13.398995687708965,false
-16027,Buccaneers D/ST,16,0.14299802761341224,168.6042702795404,14.705887802844305,false
4243331,Cade Otton,4,0.10186915887850467,168.66765127056175,13.672516950345406,false
3912547,Sam Darnold,1,0.3396875,168.71459631600663,7.579990887982567,false
4689114,Jaxson Dart,1,0.1978125,168.87667160389336,4.1819675520596045,false
-16003,Bears D/ST,16,0.06640368178829717,168.89427735379866,10.24692684843072,false
4429501,Ray Davis,2,0.27609847304456214,168.9856432530687,15.242243881751644,false
4882093,Bhayshul Tuten,2,0.30850732315363044,168.99117045616669,22.628296292504945,false
-16005,Browns D/ST,16,0.02695595003287311,169.1271725557241,2.273228417949388,false
2985659,Wil Lutz,5,0.13820301783264746,169.1551518873464,10.731624871382458,false
4372066,Jake Moody,5,0.026748971193415638,169.160405309315,2.295035687554209,false
-16028,Commanders D/ST,16,0.042735042735042736,169.23007417252614,11.844699412239937,false
15864,Geno Smith,1,0.299375,169.2315586778958,6.413301228098424,false
15683,Justin Tucker,5,0.035322359396433474,169.24049323658224,1.7343305703157939,false
3051909,Daniel Carlson,5,0.04938271604938271,169.25866229960351,4.186709953976279,false
4567104,Will Reichard,5,0.12037037037037036,169.2661524041414,4.544728523511123,false
-16022,Cardinals D/ST,16,0.1992110453648915,169.28245048019207,40.86351651080184,false
16339,Brandon McManus,5,0.07030178326474623,169.3362189708671,6.933793444163581,false
-16004,Bengals D/ST,16,0.027284681130834976,169.4452513277846,2.9758651039977764,false
-16014,Rams D/ST,16,0.05752794214332676,169.5104398902418,5.61078426830963,false
4430539,Brenton Strange,4,0.11433021806853583,169.5238709200146,10.162182517485075,false
-16029,Panthers D/ST,16,0.12886259040105194,169.5632610186932,0.6626222497285398,false
5123663,Isaac TeSlaa,3,0.059520099719538797,169.59402822616866,1.8398213006156503,false
-16024,Chargers D/ST,16,0.05259697567389875,169.60138057441756,3.664626542369175,false
4258595,Cole Kmet,4,0.02679127725856698,169.63125967650743,1.168838053593985,false
4374033,Jermar Jefferson,2,0.009348706762231224,169.64923803686168,0.1842596891714529,false
-16013,Raiders D/ST,16,0.013806706114398421,169.65642133244725,1.184606233774897,false
3117256,Dalton Schultz,4,0.05264797507788162,169.65815908646556,4.732786750390742,false
-16001,Falcons D/ST,16,0.023997370151216304,169.67305672268907,1.2257331700257748,false
3930086,Dawson Knox,4,0.01588785046728972,169.68418549597345,0.7677753708629247,false
12460,Graham Gano,5,0.006858710562414266,169.68911071367006,0.7492334008770154,false
4695193,Efton Chism III,3,0.024929884699283266,169.70832474703442,1.2713390280060177,false
4574716,Harrison Mevis,5,0.0030864197530864196,169.72511406670006,0.19315739913562063,false
-16010,Titans D/ST,16,0.007889546351084813,169.75265958872174,0.5586737104643384,false
-16018,Saints D/ST,16,0.015779092702169626,169.75318341622364,0.6468672060006152,false
14880,Kirk Cousins,1,0.0121875,169.75894557535233,0.6396732835769008,false
15965,Dustin Hopkins,5,0.009602194787379973,169.7595714077929,0.5259873406436658,false
10621,Nick Folk,5,0.008573388203017833,169.7666984501511,0.6325916570706883,false
4569923,Andy Borregales,5,0.008573388203017833,169.77502329815715,0.9213979395305903,false
4361409,Jahan Dotson,3,0.012776565908382673,169.77918564468914,0.519868899446314,false
2468609,Taysom Hill,4,0.009968847352024923,169.80038363374075,0.7644849049877979,true
4361777,Zamir White,2,0.016204425054534122,169.8008475695784,0.30838131797824697,false
14881,Russell Wilson,1,0.096875,169.8143171526514,3.0411481747804814,false
4240472,Noah Gray,4,0.011526479750778817,169.8150704113715,0.6835016342617305,false
4568263,Ryan Fitzgerald,5,0.005829903978052126,169.82112498518623,0.5192943094927223,false
4259619,Blake Grupe,5,0.0027434842249657062,169.82287918291712,0.5367536987715955,false
3135321,Hunter Renfrow,3,0.01495793081956996,169.82425456140257,0.9338909747635569,false
11252,Joe Flacco,1,0.058125,169.83547585039412,1.226471885195059,false
2473037,Jason Myers,5,0.04801097393689986,169.8431197207378,4.072092284662002,false
4432734,Jalen Milroe,1,0.010625,169.84340714565326,0.8811878470729231,false
4808839,Isaiah Bond,3,0.020255531318167652,169.84417320546353,1.0070174989626386,false
4366031,Tank Dell,3,0.01495793081956996,169.84744070044545,1.133883427351396,true
4426948,Luke McCaffrey,3,0.014023060143346837,169.84778737681964,0.5639214568001433,false
4429084,Anthony Richardson Sr.,1,0.1353125,169.85485304386467,6.511592163693683,false
16733,Odell Beckham Jr.,3,0.014334683702087878,169.85663105164707,0.22393038963887799,false
4570688,Caden Davis,5,0.0017146776406035665,169.8619025302068,0.13873927417257903,false
4430802,Darnell Washington,4,0.0024922118380062306,169.8623069322103,0.34403460088695853,false
4373684,Scott Matlock,9,0.003427859146151449,169.86571855733825,0.38287847857433965,false
3122840,Deshaun Watson,1,0.003125,169.86865715857633,0.2830590874409226,true
3120348,JuJu Smith-Schuster,3,0.006544094733561857,169.87042996264182,0.5160358647667967,false
4428085,Luke Musgrave,4,0.0024922118380062306,169.87313010900982,0.38443187987737665,false
4039607,J.J. Taylor,2,0.005609224057338735,169.87349865519664,0.072753861621424,false
-16030,Jaguars D/ST,16,0.025312294543063774,169.87450492794324,1.706598476846962,false
4360799,Jordan Travis,1,0.00125,169.8753868372189,0.12003044674746766,false
4242526,John Samuel Shenker,4,0.12087227414330218,169.8759907843842,0.08665036031194129,false
15948,Matt Barkley,1,0.0003125,169.87896037116,0.04098690614730401,false
2969939,Jameis Winston,1,0.005625,169.8801578568708,0.3685040637910908,false
15795,DeAndre Hopkins,3,0.11685883452789031,169.8814142364212,7.884961996439109,false
4430388,DeWayne McBride,2,0.0012464942349641633,169.88162094183295,0.05191557503811408,false
4360405,Jake Bobo,3,0.005920847616079776,169.8818935499041,0.27967681789931637,false
4708486,Jimmy Horn Jr.,3,0.020878778435649736,169.89252709278918,0.5092639983621661,false
10636,Mason Crosby,5,0.0013717421124828531,169.89288965743867,0.10363906858566103,false
4597703,Tory Horton,3,0.02181364911187286,169.8947880120049,1.0572822508559343,false
4431280,Troy Franklin,3,0.02648800249298847,169.89842697341655,0.8940534750365134,false
4363538,Chad Ryland,5,0.0102880658436214,169.90000861901785,0.5716694866304003,false
5092436,Jude McAtamney,5,0.00102880658436214,169.90074876104288,0.13149463713609139,false
4372414,Elijah Moore,3,0.0021813649111872857,169.90129562699468,0.3365273883207996,false
4683243,Mitchell Evans,4,0.001557632398753894,169.9044126583215,0.0906692892514848,false
3123075,Braxton Berrios,3,0.001869741352446245,169.9057273750456,0.09871036733052437,false
4242392,Brock Wright,4,0.001557632398753894,169.909298430094,0.15227433510225047,false
3044720,Joshua Dobbs,1,0.000625,169.91072363792182,0.1533301740242584,false
3932442,Equanimeous St. Brown,3,0.0015581177937052041,169.91132411453572,0.06397859093551324,false
2573401,Tyler Higbee,4,0.02554517133956386,169.91221868180065,2.2046121363349696,false
4431492,Roman Wilson,3,0.012464942349641633,169.91248223277833,0.743247072070837,false
3116407,Mason Rudolph,1,0.003125,169.91314698040543,0.2138953285187062,false
3043275,Austin Hooper,4,0.0009345794392523365,169.91390389025693,0.25629166796153063,false
4430870,KeAndre Lambert-Smith,3,0.006855718292302898,169.9146539288677,0.5385159553174338,false
3134353,Tim Patrick,3,0.004362729822374571,169.91537164929116,0.3248284459783058,false
4690070,Mitchell Tinsley,3,0.0021813649111872857,169.91843808618003,0.9145232432946234,false
3116164,Mike Gesicki,4,0.027102803738317756,169.9184487669293,4.6903848755287605,false
3124084,Joey Slye,5,0.00205761316872428,169.91903379248302,0.2620640468929345,false
4685201,Tanner McKee,1,0.000625,169.91936098180278,0.17089419380572587,false
4240391,Tommy DeVito,1,0.000625,169.91990943523984,0.10923402612468049,false
4686728,Gunnar Helm,4,0.003426791277258567,169.9208820125866,0.24202983328458616,false
3917914,Olamide Zaccheaus,3,0.003427859146151449,169.92146937136397,0.33214028494236447,false
4685039,Michael Pratt,1,0.000625,169.9216726618705,0.030373057999732864,false
3051392,Ezekiel Elliott,2,0.006544094733561857,169.92269768130032,0.11936904411536205,false
4035676,Zack Moss,2,0.0009348706762231225,169.92311635058945,0.5600971029964463,false
-16015,Dolphins D/ST,16,0.0210387902695595,169.92320018864993,5.498875246908319,false
3921690,Josh Oliver,4,0.003115264797507788,169.92573647916723,0.18810427813840744,false
16760,Jimmy Garoppolo,1,0.005,169.9261341995006,0.21938411432126326,false
4051167,Parker Romo,5,0.00102880658436214,169.92675950117166,0.11403758039742282,false
4692590,Jalin Hyatt,3,0.0021813649111872857,169.9269089122199,0.24275039117909425,false
4242431,Ty Chandler,2,0.009660330320972266,169.92770371309757,0.23690574770634654,false
5083076,Harold Fannin Jr.,4,0.00809968847352025,169.92914097300383,0.5878911962562153,false
4241374,Grant Calcaterra,4,0.0009345794392523365,169.92987508454516,0.15940333430827727,false
4240911,Jacob Kibodi,2,0.0012464942349641633,169.93284402312335,0.040399239543726234,false
4372096,Luke Schoonmaker,4,0.012461059190031152,169.9336792657215,0.20236217161847692,false
4259553,Stetson Bennett IV,1,0.0009375,169.93395966905774,0.13082467115434931,false
4365395,Julian Hill,4,0.001869158878504673,169.9345715870961,0.11077881528820772,false
4038524,Gardner Minshew,1,0.001875,169.93503814128675,0.1734576812660215,false
4426844,Elijah Higgins,4,0.0,169.9352176233428,0.10986379448706769,false
4360698,Joe Milton III,1,0.008125,169.9362872680336,0.32165930826781525,false
3116593,Dalvin Cook,2,0.0012464942349641633,169.93724536975878,0.07476601345422638,false
4567096,John Metchie III,3,0.0012464942349641633,169.9400494568204,0.3244539576985156,false
4429955,Will Howard,1,0.0028125,169.94022302630188,0.3011712010070755,false
4431506,Ja'Corey Brooks,3,0.0021813649111872857,169.94189321286095,0.044967480833982255,false
4360294,Antonio Gibson,2,0.004362729822374571,169.9420070067161,0.6425360706771398,false
2991662,Mack Hollins,3,0.0009348706762231225,169.9429105877504,0.2074753268878884,false
4714365,Carson Steele,2,0.0015581177937052041,169.94293821432913,0.11369992724667033,false
3127292,Will Dissly,4,0.0012461059190031153,169.9433056969082,0.30052921659491627,false
4361516,Daniel Bellinger,4,0.0,169.94330689522158,0.11352024261524316,false
4242512,Malik Willis,1,0.000625,169.9434763748704,0.17656756316635958,false
2973405,Kalif Raymond,3,0.0028046120286693674,169.94353470824151,0.16140943523149368,false
3052177,John Ross,3,0.0003116235587410408,169.94361895502198,0.04021614349119997,false
4426496,Cade Stover,4,0.0012461059190031153,169.9438141687847,0.1709204845001627,false
4241464,Mac Jones,1,0.0021875,169.94402653462834,0.12222366564874601,false
3895785,Ben DiNucci,1,0.0003125,169.94426399483692,0.06239353302923348,false
4240858,Hendon Hooker,1,0.000625,169.9443756744747,0.1364967897638386,false
4367567,Julius Chestnut,2,0.001869741352446245,169.9444746812367,0.09542089388538526,false
3915486,Tyler Conklin,4,0.0009345794392523365,169.9473798238244,0.44750417707126067,false
4372780,Tommy Tremble,4,0.0,169.94771939465676,0.14423076923076925,false
4244688,Nathan Rourke,1,0.0003125,169.94787682573943,0.05324599282734392,false
4427105,Max Duggan,1,0.0003125,169.9482423889756,0.04995224345954966,false
4373634,Dallin Holker,4,0.0021806853582554517,169.94840577872188,0.03308746241099747,false
3039707,Mitchell Trubisky,1,0.0009375,169.9484579167328,0.1191157984875404,false
3886812,Jake Browning,1,0.0015625,169.94922552795293,0.13045968283476264,false
4430191,Skyy Moore,3,0.0012464942349641633,169.9494071522171,0.3507758562385641,false
15091,Randy Bullock,5,0.0,169.94947503380362,0.04030408222775707,false
2972515,Cooper Rush,1,0.000625,169.94972226630694,0.12698226822534048,false
4698301,Jermaine Jackson,3,0.0006232471174820816,169.950098809008,0.03454888118292444,false
4421446,Craig Reynolds,2,0.0028046120286693674,169.95025627476883,0.15574330870444233,false
4431588,Ja'Tavion Sanders,4,0.004984423676012461,169.95038282897136,0.9896881586572123,false
5082630,Jalen Royals,3,0.010283577438454348,169.95046366014108,0.5458257854242946,false
4039057,Lil'Jordan Humphrey,3,0.0006232471174820816,169.95057938315378,0.08262272307678246,false
4034949,Eddy Pineiro,5,0.0003429355281207133,169.9508554375229,0.06481964722510619,false
16757,Derek Carr,1,0.0178125,169.95091307291887,0.08855888708558923,false
4012556,C.J. Ham,2,0.0012464942349641633,169.95102219826788,0.10967858690108635,false
13982,Julio Jones,3,0.0009348706762231225,169.9511006837661,0.07823882217668446,false
4048228,John Bates,4,0.0,169.95110094215497,0.07037889437498972,false
3128444,Matthew Wright,5,0.0003429355281207133,169.95187842744326,0.15081079374395226,false
4361259,Zach Wilson,1,0.000625,169.95210385433307,0.11618737089021483,false
15880,Robert Woods,3,0.0009348706762231225,169.95256463774854,0.15592639104437778,false
4039359,Darrell Henderson Jr.,2,0.0003116235587410408,169.95270177441003,0.029796778657463177,false
4889929,Quinn Ewers,1,0.0015625,169.95311524667,0.17912850961054644,false
4212909,David Moore,3,0.0003116235587410408,169.9531790777425,0.06854823968120499,false
4035004,Mecole Hardman,3,0.0003116235587410408,169.9540403586733,0.09011759157537615,false
3915802,Lucky Jackson,3,0.0003116235587410408,169.95406100892467,0.05959148755707804,false
16728,Teddy Bridgewater,1,0.0003125,169.95407126835667,0.06623619240699029,false
4608810,Tez Johnson,3,0.0021813649111872857,169.95421017035127,0.1866329837696938,false
3051738,Marquez Valdes-Scantling,3,0.0012464942349641633,169.95431968295904,0.30344131700843424,false
4259308,Raheem Blackshear,2,0.008413836086008103,169.95436171393243,0.10547424106987806,false
4362619,Chris Rodriguez Jr.,2,0.009348706762231224,169.95472631295277,1.4166817474723656,false
4431453,Deuce Vaughn,2,0.0,169.95499099080058,0.1043770736032026,false
3121427,Curtis Samuel,3,0.0015581177937052041,169.95504863962293,0.2718186072358223,false
4690143,LaJohntay Wester,3,0.0015581177937052041,169.9555837362289,0.1731068381770954,false
4428850,Dontayvion Wicks,3,0.001869741352446245,169.95583736228897,0.3825891763639222,false
3975763,Greg Joseph,5,0.0003429355281207133,169.9559137236312,0.06463307727738735,false
4361418,Will Levis,1,0.0003125,169.95617190558312,0.13722892712595053,true
4429022,Kayshon Boutte,3,0.001869741352446245,169.95644454777468,0.27839775965663666,false
3911853,Adam Trautman,4,0.0,169.95729828844395,0.11827418405437322,false
4576297,AJ Barner,4,0.0021806853582554517,169.95736305079552,0.3447639208030111,false
4565185,Tai Felton,3,0.0015581177937052041,169.95756518982324,0.2432996625610991,false
3043234,Zane Gonzalez,5,0.0003429355281207133,169.95757174178883,0.7546251669257614,false
4241424,Tylan Wallace,3,0.0006232471174820816,169.9575854288749,0.08719383903322689,false
2573079,Carson Wentz,1,0.0,169.95778954551946,0.04647554361748066,false
2975417,Patrick Ricard,2,0.0009348706762231225,169.95778972009532,0.08262559272894784,false
11122,Matt Prater,5,0.0003429355281207133,169.95788980348215,0.048104604297839935,false
4426875,Sam Howell,1,0.0009375,169.95790793385456,0.15991656527029374,false
3051439,Boston Scott,2,0.0,169.95814904646406,0.01901151110436771,false
4258195,Donovan Peoples-Jones,3,0.0003116235587410408,169.95821444423308,0.04588162175995321,false
3924327,Drew Lock,1,0.0003125,169.95840430821968,0.09020531314783607,false
3115364,Leonard Fournette,2,0.0003116235587410408,169.9584187609647,0.0422274910106629,false
4360238,Dameon Pierce,2,0.005297600498597694,169.95842998832214,0.33506992048258843,false
4429805,Frank Gore Jr.,2,0.0024929884699283265,169.95856781277575,0.07476437340508764,false
16486,Brett Maher,5,0.0,169.95889156444775,0.04067562397150106,false
4570037,Terrance Ferguson,4,0.003738317757009346,169.95946610021718,0.6443758328900393,false
3045523,Kendrick Bourne,3,0.0003116235587410408,169.9596983851877,0.173291850530295,false
3043116,Demarcus Robinson,3,0.0024929884699283265,169.9601477418639,0.32263607382059606,false
4567216,D.J. Williams,2,0.0006232471174820816,169.96023228656426,0.025043414678731377,false
4240600,Kadarius Toney,3,0.008725459644749143,169.96033289299868,0.0733026595521043,false
3892775,Jarrett Stidham,1,0.0003125,169.96035591857463,0.09057158906480718,false
4569682,Audric Estime,2,0.0009348706762231225,169.96039080787745,0.2809604937007817,false
4428532,Ainias Smith,3,0.0009348706762231225,169.96043433462788,0.08664465819230727,false
3123052,Michael Badgley,5,0.0006858710562414266,169.9607722723208,0.03918902855784375,false
14012,Andy Dalton,1,0.0003125,169.96117059545475,0.10886887978497023,false
4249030,D.J. Montgomery,3,0.0006232471174820816,169.96133177631822,0.030892576093533214,true
2998565,Mo Alie-Cox,4,0.0,169.96172076875519,0.07202503692654177,false
4696882,Devontez Walker,3,0.0,169.96185569733956,0.10967698300555148,false
4383351,Trey Lance,1,0.0009375,169.961874986775,0.08800819702126102,false
4257188,Charlie Jones,3,0.0031162355874104083,169.96245726574762,0.08207554240234563,false
4361372,Jeremy Ruckert,4,0.0006230529595015577,169.96253005363417,0.08226149650114435,false
4708049,Gavin Bartholomew,4,0.0,169.96266862526485,0.06544275312909589,true
4434153,Tyson Bagent,1,0.0003125,169.9628698991737,0.10484232482823608,false
4775196,Tommy Mellott,3,0.0015581177937052041,169.9630551372487,0.09487059029980204,false
4431487,Savion Williams,3,0.001869741352446245,169.9631291115162,0.2551813140009725,false
4035312,Anthony Brown Jr.,1,0.0,169.96406447551485,0.028361267657176316,false
4372716,Nikko Remigio,3,0.006855718292302898,169.9641324794454,0.09304315081764639,false
2976316,Michael Thomas,3,0.0,169.96433742324805,0.048442261394442486,false
4686104,Johnny Wilson,3,0.0003116235587410408,169.96460387407666,0.09578386480582746,true
3914397,Scotty Miller,3,0.0,169.96462861098343,0.07915094615542101,false
5208436,Louis Rees-Zammit,2,0.0012464942349641633,169.96475033025098,0.028333738536260786,false
4362477,Derius Davis,3,0.007167341851043939,169.964967160015,0.14514026874713237,false
3821683,Austin Seibert,5,0.0,169.9657982912613,0.04643241205236833,false
4034946,Kyle Trask,1,0.000625,169.9659377049874,0.09459630068083721,false
4040612,Luke Farrell,4,0.0,169.96610778506397,0.06946437482976658,false
2574808,Robbie Chosen,3,0.0,169.9669007498058,0.040580854610862506,false
3115293,Kyle Allen,1,0.0003125,169.96690542442101,0.0428153469232416,false
4240021,Cam Akers,2,0.001869741352446245,169.966943022156,0.1222914008489107,false
4696736,Tanner Brown,5,0.0,169.96712975183016,0.03491736841909757,false
3919602,Matt Ammendola,5,0.0003429355281207133,169.9675327123949,0.032688964502756275,false
4595342,Oronde Gadsden II,4,0.0021806853582554517,169.9676350608725,0.25811688014931294,false
3047876,KhaDarel Hodge,3,0.0003116235587410408,169.96791545574638,0.09121535781463358,false
2574511,Brandon Allen,1,0.0015625,169.9680105379541,0.04629206082008307,false
2576980,Marcus Mariota,1,0.00125,169.96803186762028,0.12734914341233494,false
4683423,Riley Leonard,1,0.0003125,169.9681175213449,0.08343472970624023,false
14876,Ryan Tannehill,1,0.0003125,169.96816361510668,0.032203938761282816,false
4429835,George Holani,2,0.0003116235587410408,169.9683859002066,0.08463500013709772,false
4430723,Jared Wiley,4,0.00031152647975077883,169.96843807299456,0.049722322763683685,false
4240573,Ihmir Smith-Marsette,3,0.0024929884699283265,169.96853418439866,0.07951595803019779,false
4427575,Jha'Quan Jackson,3,0.0,169.96878781313902,0.031623645712802455,false
4808830,Damien Martinez,2,0.0015581177937052041,169.96959625474892,0.14312950935642904,false
4571557,Spencer Shrader,5,0.00823045267489712,169.96982282626848,0.7523838178974857,false
4362921,Tyquan Thornton,3,0.0021813649111872857,169.96982314492394,0.06580667096847312,false
4241802,Jalen Reagor,3,0.0,169.96984956486358,0.034914094874939905,false
4362162,SaRodorick Thompson Jr.,2,0.0009348706762231225,169.97011297464675,0.027968755426943968,false
4039050,Devin Duvernay,3,0.0031162355874104083,169.9702620301924,0.09724656940791096,false
4431536,Donovan Edwards,2,0.0009348706762231225,169.97031952612696,0.07805473702682743,false
2579604,Phillip Dorsett,3,0.0024929884699283265,169.9703352215083,0.023580508242210207,false
4428963,Cade York,5,0.0003429355281207133,169.9704584754117,0.03547423103568039,false
4360794,Henry Pearson,4,0.0006230529595015577,169.9704772674431,0.027603857227731825,false
2976592,Sterling Shepard,3,0.0003116235587410408,169.97112270078046,0.1319791758064988,false
4361765,Brayden Narveson,5,0.0013717421124828531,169.97124464675304,0.03176018276034992,false
4430681,Jared Wayne,3,0.0012464942349641633,169.9712922452603,0.014989297276152209,false
4036032,Brittain Brown,2,0.0,169.97139218701287,0.01992494328703069,false
4426485,Jonathan Mingo,3,0.0009348706762231225,169.97156217801378,0.1394723084403596,false
15807,Cordarrelle Patterson,2,0.0,169.9715813614314,0.11808922134234175,false
4602667,Jaylin Lane,3,0.0021813649111872857,169.97159403136493,0.2840623474810031,false
4429105,Arian Smith,3,0.0006232471174820816,169.97190533307267,0.11863437033299881,false
4373632,Jaren Hall,1,0.000625,169.9721056947126,0.027811831006532124,false
3118892,Justin Watson,3,0.0006232471174820816,169.97217422549127,0.06343055085868879,false
4048259,Avery Williams,2,0.0009348706762231225,169.97222706592902,0.05812965105757577,false
4240380,KJ Hamler,3,0.0003116235587410408,169.97224849538443,0.035096891183185666,false
4424106,Gunner Olszewski,3,0.0003116235587410408,169.9725236983102,0.026505270893008276,false
4426339,Spencer Rattler,1,0.0103125,169.97273035051154,0.37655410906895254,false
4035020,Charlie Woerner,4,0.0,169.97278688697838,0.06489482468343208,false
4911851,LeQuint Allen Jr.,2,0.0,169.97319961321207,0.06562423453626151,false
4690013,Rasheen Ali,2,0.0009348706762231225,169.97333171291038,0.0903018714788668,false
4372505,Payne Durham,4,0.00031152647975077883,169.97361134595874,0.06800233986545773,false
3046401,Keith Kirkwood,3,0.0003116235587410408,169.97396537876227,0.027236749504163202,false
4260394,Aidan O'Connell,1,0.0003125,169.9740311266756,0.08782667405874507,false
3051926,Gus Edwards,2,0.0003116235587410408,169.97414963829573,0.06434582958591996,false
4429033,Jermaine Burton,3,0.003427859146151449,169.97417742387174,0.2420214273049159,false
4241263,Charlie Kolar,4,0.0006230529595015577,169.9742291738223,0.07037928033986794,false
4429676,Tyler Goodson,2,0.0015581177937052041,169.97426142278164,0.10163567631596265,false
3040569,Trent Taylor,3,0.0003116235587410408,169.97428255895673,0.021570003802170164,true
4431466,Jordan Watkins,3,0.0003116235587410408,169.974653245621,0.12411755888729248,false
4250360,Bailey Zappe,1,0.0003125,169.9748775352582,0.02964150249482646,false
14163,Tyrod Taylor,1,0.00125,169.97489287414697,0.10136717606417237,false
3127310,Drew Sample,4,0.00031152647975077883,169.97496869104802,0.06215335792656398,false
4036348,Michael Gallup,3,0.0,169.97498058154957,0.07421462283982437,false
4243176,Brady Russell,2,0.0,169.9750541611625,0.027236699716299613,false
4691688,Robbie Ouzts,2,0.0,169.97514966737648,0.054838892473727606,false
4039358,Patrick Taylor Jr.,2,0.0003116235587410408,169.97523897087964,0.06818352152350869,true
3059722,Zay Jones,3,0.0006232471174820816,169.97531849237257,0.10327953657649357,false
2515270,Michael Burton,2,0.0,169.9753544384733,0.05611959506147563,false
4432620,Parker Washington,3,0.0006232471174820816,169.9755988016042,0.19723649551510897,false
4056052,Armani Rogers,4,0.0,169.97584071357613,0.01791508614779946,false
4037457,Travis Homer,2,0.0003116235587410408,169.97586248804484,0.07640941554109017,false
2975674,Robert Tonyan,4,0.0006230529595015577,169.9761838079486,0.030345462987675355,false
4589248,Tyreik McAllister,3,0.0012464942349641633,169.97638610748575,0.022666742222474074,false
4240455,Deon Jackson,2,0.0003116235587410408,169.97653356160401,0.016086192745492667,false
4573697,Mason Tipton,3,0.0015581177937052041,169.97665583472036,0.05483839126095397,false
3050481,Tanner Hudson,4,0.0009345794392523365,169.97678105283183,0.0564865373752589,false
4431268,Chimere Dike,3,0.0015581177937052041,169.97685637744183,0.14751608144642533,false
4243371,Riley Patterson,5,0.0003429355281207133,169.97687936003447,0.02507373535508124,false
4240023,Tre' McKitty,4,0.0006230529595015577,169.97710375439246,0.02029116913694894,false
4362630,Terrace Marshall Jr.,3,0.0,169.97730551166956,0.06214960873165444,false
4245131,Tim Jones,3,0.0003116235587410408,169.97739005458303,0.04825760788500066,false
4242519,Anders Carlson,5,0.0003429355281207133,169.97751513715014,0.03807436573678541,false
14993,Greg Zuerlein,5,0.0,169.977600724017,0.05386189809328881,false
4362874,Matt Corral,1,0.0,169.9776441150487,0.020127351240576737,false
4686781,Brenden Rice,3,0.0,169.97770732609442,0.04186004851378548,false
4426553,Davis Allen,4,0.0,169.97785457254727,0.030527876338336615,false
4565908,Tyler Scott,3,0.0,169.97790282951573,0.060870614299658905,false
4245661,Lucas Havrisik,5,0.00102880658436214,169.97812912435694,0.029902806591990135,false
2978109,Zach Pascal,3,0.0006232471174820816,169.97812934282348,0.0340001754847767,false
11394,Josh Johnson,1,0.0,169.97814655719665,0.020309806892160415,false
4570561,Eric Gray,2,0.0,169.9781718458555,0.0612369871402327,true
4241961,Connor Heyward,4,0.0006230529595015577,169.97818700626172,0.03911991166943309,false
15168,Case Keenum,1,0.0003125,169.9783581615811,0.049585022761538124,false
3122976,Jeff Wilson Jr.,2,0.0012464942349641633,169.97836689617273,0.037290378716699144,false
4366963,Dylan Laube,2,0.0009348706762231225,169.9787579195443,0.05282880906681291,false
4061956,Ashton Dulin,3,0.0,169.97876893649175,0.034182909641956874,false
13232,Jimmy Graham,4,0.00031152647975077883,169.97878355527374,0.027786867414596513,false
4240350,Xazavian Valladay,2,0.0006232471174820816,169.97878456425133,0.02029053857670098,false
4362020,Nick Sciba,5,0.0003429355281207133,169.9788401971611,0.021359187236492633,false
4035793,Quintez Cephus,3,0.0003116235587410408,169.97905966647645,0.019924469808030476,false
3052166,Darrell Daniels,4,0.0,169.9791272550491,0.011882498542108834,false
4601080,Raheim Sanders,2,0.0006232471174820816,169.97936591809776,0.0407638747982371,false
2310331,Tyler Johnson,3,0.0,169.97946081332432,0.04094637304704994,false
2576336,Ameer Abdullah,2,0.0,169.97962418887786,0.05209704308151268,false
4240631,DeeJay Dallas,2,0.0012464942349641633,169.9796511474301,0.05301131700219175,false
2578570,Jacoby Brissett,1,0.000625,169.97983410216258,0.05726989122380085,false
4689334,Malik Heath,3,0.0,169.9800905646819,0.04935437170056886,false
4239086,Desmond Ridder,1,0.0,169.98011997841658,0.03824112769243155,false
3116158,Jason Cabinda,2,0.0,169.98025300670034,0.01005416452634831,false
4613104,Malachi Corley,3,0.0003116235587410408,169.98027518572923,0.11260190838299272,false
3126997,Tom Kennedy,3,0.0003116235587410408,169.98028544102806,0.04661297339587393,false
4039043,Collin Johnson,3,0.0,169.98031714495565,0.023032208532884877,false
4569390,Jonathan Garibay,5,0.0,169.9803325845602,0.0211733765220686,false
4035115,Albert Okwuegbunam,4,0.0,169.98050685351342,0.02486120682878855,false
3059989,Nick Mullens,1,0.0,169.98058540043272,0.049036380236874996,false
4426407,Trey Palmer,3,0.0012464942349641633,169.98059760640405,0.07823610486562765,false
4433971,Kyle McCord,1,0.000625,169.9806599731271,0.041534393954641514,false
4040980,Irv Smith Jr.,4,0.0009345794392523365,169.9806758434833,0.03016254871708626,false
4212884,Alex Armah,2,0.0003116235587410408,169.98080276465552,0.008957313829544145,false
4427278,Xavier Gipson,3,0.001869741352446245,169.98080347471375,0.06013976554631219,false
3052897,Durham Smythe,4,0.00031152647975077883,169.9809507202266,0.05356078692312473,false
4035222,Trayveon Williams,2,0.0006232471174820816,169.98110934387336,0.031075770039301707,false
2972236,Nathan Peterman,1,0.0003125,169.98111400896158,0.026531702639995904,false
2979843,Kenyan Drake,2,0.0003116235587410408,169.9812145295442,0.018463169632656044,false
2971281,Pharaoh Brown,4,0.002803738317757009,169.9812779404149,0.03948559050152184,false
4362748,Tyler Badie,2,0.0,169.98146866264722,0.04862444017914267,false
4367209,Greg Dulcich,4,0.00031152647975077883,169.98150036724493,0.038205475996358595,false
4429202,Israel Abanikanda,2,0.0009348706762231225,169.9815060422402,0.048258313591295954,false
4047422,Tanner Conner,4,0.0,169.98156886575603,0.01773192257913556,false
2576434,Melvin Gordon III,2,0.0003116235587410408,169.98160027900784,0.024678494063451153,false
4361435,Carson Strong,1,0.0003125,169.98171218781906,0.016101880992461393,false
2565969,Taylor Heinicke,1,0.0003125,169.98208220917314,0.039888166754493824,false
4431353,Xavier Restrepo,3,0.0012464942349641633,169.9823410989522,0.14331178172738224,false
3002265,Dwayne Washington,2,0.0,169.98239819913127,0.00895737932673412,false
4608362,Shane Zylstra,4,0.0,169.98246235138706,0.028151403365737914,false
3052056,River Cracraft,3,0.0,169.98253113589888,0.011516062164800334,false
3932423,Miles Boykin,3,0.0,169.98257349988376,0.02741934599375936,false
4379401,John FitzPatrick,4,0.00031152647975077883,169.98261012005412,0.022119040655162327,false
4242546,Davis Mills,1,0.0,169.98261159368155,0.04757278178182024,false
4034948,Feleipe Franks,4,0.0,169.9826998578577,0.028151557749995886,false
3125232,Nick Bawden,2,0.0003116235587410408,169.9827471412568,0.009688558543572007,false
4046678,Ian Book,1,0.0,169.9827807843075,0.01994433882687033,false
13987,Blaine Gabbert,1,0.000625,169.98283332187125,0.014454991912523512,false
4361665,Christopher Dunn,5,0.0006858710562414266,169.98284806205726,0.027674077375977418,false
4590292,Thomas Fidone II,4,0.0012461059190031153,169.98288507265522,0.04222710504860687,false
4912274,Sione Vaki,2,0.0006232471174820816,169.982911763618,0.054838892473727606,false
4045305,Ian Thomas,4,0.0006230529595015577,169.98293226805322,0.035280848349020816,false
3052096,Johnny Mundt,4,0.21838006230529594,169.98296379277545,0.06379766087430215,false
3051889,Laquon Treadwell,3,0.0,169.9830698342915,0.021752879971629856,false
4678008,Jonathon Brooks,2,0.0009348706762231225,169.9830914173091,0.42152751627798146,true
3125107,Andrew Beck,2,0.0,169.98309598668394,0.02522630555271201,false
4567095,Keilan Robinson,2,0.0,169.98309652260755,0.028333117026740975,false
4430968,Kimani Vidal,2,0.0009348706762231225,169.9831597524954,0.13746382891602824,false
4048244,Alexander Mattison,2,0.0,169.98322298371968,0.23708897874425103,true
3931391,Trenton Irwin,3,0.0003116235587410408,169.9833077939234,0.028699072855429792,false
4430637,Ja'Lynn Polk,3,0.0003116235587410408,169.98337674964202,0.15245156372530203,false
4426399,Ramel Keyton,3,0.0012464942349641633,169.98346648912562,0.02047318652352497,false
4036595,Josh Pederson,4,0.0006230529595015577,169.98362431569825,0.015355788126685251,false
4035656,Ben Skowronek,3,0.0,169.9836249214007,0.04094629819872847,false
4036146,Caleb Shudak,5,0.035322359396433474,169.98369919465617,0.020059062796010475,false
4569609,Evan Hull,2,0.0,169.98375156539797,0.017548605982612254,false
2980453,Jamaal Williams,2,0.0,169.9838514502518,0.03985076072908612,false
4036419,Skylar Thompson,1,0.0,169.98391294687727,0.025067196554266823,false
4362087,Keaontay Ingram,2,0.0003116235587410408,169.98396275766592,0.019742253907321088,true
4372063,Ronnie Bell,3,0.0,169.98405837688173,0.03436551749351077,false
4698253,Lan Larison,2,0.0,169.98406349239897,0.019924906864770206,true
4259592,Sean Clifford,1,0.0,169.98407710700607,0.02909247931963852,false
3127586,Jeremy McNichols,2,0.0006232471174820816,169.98411071245516,0.13015239895366246,false
3115394,DJ Chark,3,0.0,169.98415852047557,0.04679525613090973,false
4250764,Stone Smartt,4,0.0,169.9843113424397,0.03400141855380633,false
4043016,Dee Eskridge,3,0.0003116235587410408,169.98438053167487,0.038935613656346596,false
4372071,Hassan Haskins,2,0.0,169.9843854856352,0.04643085641166255,false
4693331,Cam Miller,1,0.0,169.9843946719707,0.060197425599458405,false
3120590,Easton Stick,1,0.0,169.98445253234868,0.023603116343236884,false
4367178,Dorian Thompson-Robinson,1,0.0003125,169.9844526968408,0.03824070787392643,false
4242557,Colby Parkinson,4,0.0006230529595015577,169.9844647471294,0.07092730134414549,false
4036416,Byron Pringle,3,0.0,169.98447027741082,0.016269168828272524,false
4573699,Jackson Hawes,4,0.0,169.9845968496198,0.03418409690003254,false
4686422,Xavier Hutchinson,3,0.0006232471174820816,169.98459750072652,0.0458815378906557,false
3843945,Foster Moreau,4,0.0,169.98460197098998,0.11480027859175888,true
4596439,Dominic Lovett,3,0.0,169.98463456904932,0.04204268978161564,false
4575665,Jacob Cowing,3,0.0003116235587410408,169.98463977173654,0.08883819384274542,false
4360967,Brevyn Spann-Ford,4,0.0,169.9846602588152,0.03619485996428043,false
3045169,Tim Boyle,1,0.0,169.9847115023462,0.017199264456988116,false
4241401,Trey Sermon,2,0.0,169.98474480440905,0.058861164427383234,false
4035526,Chase Allen,4,0.0,169.98476569930884,0.010602806087473151,false
4033806,James McCourt,5,0.00205761316872428,169.98484122067498,0.020616258984788544,false
15920,Latavius Murray,2,0.0003116235587410408,169.9849240654823,0.01371024941685739,false
4427600,Terrell Jennings,2,0.0006232471174820816,169.98504087207857,0.03473161600725343,false
2531358,Chris Manhertz,4,0.00031152647975077883,169.98506153464064,0.03272179527489964,false
4429262,Jaheim Bell,4,0.0,169.98506713448563,0.039119768644957024,false
4692022,Javon Baker,3,0.0003116235587410408,169.9851470238567,0.08445127691427465,false
2580216,DeAndre Carter,3,0.001869741352446245,169.98515175853905,0.044053990816296684,false
3916566,K.J. Osborn,3,0.0,169.98517312986456,0.04496772742976534,false
16140,Ryan Griffin,1,0.03625,169.98527739129975,0.01317436269020486,false
4039160,Kylen Granson,4,0.001869158878504673,169.98531020306794,0.04606576436264724,false
4057082,Mason Kinsey,3,0.0,169.98531579753873,0.017000056666855556,false
3051381,Mike White,1,0.0,169.98533573858256,0.02781193278294982,false
4240689,Jake Fromm,1,0.0,169.98541532211138,0.018114317812961436,false
4426364,Baylor Cupp,4,0.0,169.98544230555834,0.031259254384521734,false
4248425,Carlos Washington Jr.,2,0.0,169.98551643601814,0.03272077842549077,false
15478,Brandon Bolden,2,0.0,169.98557931114658,0.009688593965651192,false
17315,Keith Smith,2,0.0,169.98572198560572,0.010785415924026799,false
2975863,Eric Saubert,4,0.0161993769470405,169.9857484821103,0.030528211174787722,false
4429684,Anthony Gould,3,0.0,169.98579150660757,0.027784937273676147,false
4243160,Laviska Shenault Jr.,3,0.0,169.9858654069706,0.054473100707601925,false
4036335,Cedrick Wilson Jr.,3,0.001869741352446245,169.9858866173852,0.035645019476804235,false
2980077,Jonathan Williams,2,0.0,169.98591221821795,0.00895737932673412,false
4426335,Graham Mertz,1,0.0,169.9859709261728,0.017565270532611938,false
3924365,Hayden Hurst,4,0.0,169.98598619756714,0.0180976615627605,false
3915381,John Kelly Jr.,2,0.0,169.98599691403692,0.010602437829498176,false
16810,AJ McCarron,1,0.0,169.98610802518118,0.014271938989290555,false
4240603,Malik Davis,2,0.0,169.9861346691396,0.014623811586811516,false
3139925,Rashaad Penny,2,0.0,169.98619242882205,0.02010832905269662,false
4243004,Jordan Mims,2,0.0003116235587410408,169.98620336170865,0.020838664863086314,false
4239992,Amari Rodgers,3,0.0003116235587410408,169.9862351387054,0.011150799018729686,false
4039274,Jonathan Ward,2,0.0006232471174820816,169.9862720542777,0.020655831799378865,false
4250969,Rodney Williams,4,0.00031152647975077883,169.98630339667307,0.01608701613271788,false
4244856,Austin Trammell,3,0.0,169.98636731113706,0.03198935394300777,false
4722908,Drew Ogletree,4,0.0,169.98641472345957,0.030162328166130445,false
4361088,Colson Yankoff,4,0.0021806853582554517,169.98644100038575,0.02467831361200938,false
3127306,Dante Pettis,3,0.0003116235587410408,169.98646242291983,0.036376398846191815,false
4241820,Sam Ehlinger,1,0.0,169.9864997831078,0.023969363128532508,false
4239944,Hunter Long,4,0.00031152647975077883,169.98650962239626,0.034001169932728864,false
4408988,Malik Taylor,3,0.0,169.98660001902206,0.022666286457990598,false
4426479,Cornelius Johnson,3,0.0,169.98666878021717,0.021021383316699022,false
3061612,Jamal Agnew,3,0.0,169.98672133832846,0.04131181463059743,false
4052042,James Robinson,2,0.0,169.98673683988036,0.012978964936686415,false
4428796,Casey Washington,3,0.0003116235587410408,169.98676917386595,0.020655794041625996,false
4427728,Bam Knight,2,0.0,169.98684815403882,0.0113334125453565,false
3051308,PJ Walker,1,0.0,169.98685393852827,0.01317433858416115,false
3122168,Trent Sherfield Sr.,3,0.0,169.98692734478203,0.05429030506764353,false
4372485,Rondale Moore,3,0.0,169.9870861382058,0.12009629639107887,true
3925347,Damien Harris,2,0.0,169.98712251314433,0.022484315818721574,false
4035537,Kene Nwangwu,2,0.0,169.98712264923617,0.02431217564724313,false
4243003,Ronnie Rivers,2,0.0003116235587410408,169.98714392150023,0.029247623173623033,false
3139033,Mike Boone,2,0.0,169.9871964913208,0.01608625155607064,false
4367510,Dante Miller,2,0.0003116235587410408,169.9872073300255,0.02815083730461217,false
5083754,Ryan Flournoy,3,0.0,169.9872078707789,0.05227907520875071,false
4696700,Tip Reiman,4,0.0006230529595015577,169.98722331718196,0.03674299826521864,false
4372070,Ben VanSumeren,2,0.0003116235587410408,169.9872766276723,0.023214155150983403,false
3045138,Mike Williams,3,0.0015581177937052041,169.98728123943187,0.47362783198733577,true
3916204,James Proche II,3,0.0,169.98731829494474,0.01608613393534471,false
3926231,Britain Covey,3,0.0,169.98732899694056,0.033451663260568344,false
3886818,Myles Gaskin,2,0.0003116235587410408,169.9873761526064,0.015720712404190484,false
4241476,Tyrell Shavers,3,0.004362729822374571,169.98769359210783,0.0327205391759908,false
3124092,John Wolford,1,0.0,169.9877163654831,0.012991076411315777,false
4243319,Terrell Bynum,3,0.0006232471174820816,169.9877569352708,0.016269198568310526,false
4567246,Snoop Conner,2,0.0006232471174820816,169.98791004396347,0.010419694319072977,false
4569371,Isaiah Williams,3,0.0,169.98791042725648,0.03418272218769422,false
4035671,Tyler Huntley,1,0.0,169.98792280753727,0.024152335366154895,false
4242540,Isaiah Hodgins,3,0.0,169.98804774561037,0.019193507110737397,false
2577134,Ty Montgomery II,2,0.0,169.98806290358377,0.012979059840778013,false
4429001,Jase McClellan,2,0.0,169.98813216310614,0.035097019495297546,false
9614,Marcedes Lewis,4,0.00031152647975077883,169.9882319370538,0.01389333211461999,false
4567156,Treylon Burks,3,0.0012464942349641633,169.98827495469027,0.07458062110302545,true
2511109,Trevor Siemian,1,0.0,169.98829815373222,0.014271938989290555,false
3917960,Steven Sims,3,0.0031162355874104083,169.9883593745872,0.03253762391259443,false
4239934,AJ Dillon,2,0.004362729822374571,169.98848078457482,0.6165764560289405,false
4570409,David Bell,3,0.0006232471174820816,169.98848631197393,0.03198923699271925,true
4372758,Kevin Austin Jr.,3,0.0012464942349641633,169.98855506356537,0.019376266997647426,false
4248068,Aaron Shampklin,2,0.0003116235587410408,169.98862333352707,0.024129421442281328,false
4240750,Mohamed Ibrahim,2,0.0003116235587410408,169.98866554643163,0.013710174228894102,false
4360739,Simi Fehoko,3,0.0003116235587410408,169.9887293728501,0.028150374180623036,false
2576581,Chris Moore,3,0.0,169.98874498676346,0.016634464050364037,false
3929914,Adam Prentice,2,0.0024929884699283265,169.98876072011709,0.009688204337025209,false
3042749,Logan Woodside,1,0.0003125,169.98879013913137,0.013723018258933229,false
4046530,Chris Evans,2,0.0003116235587410408,169.98879236549254,0.012064931266452179,false
4685016,Ellis Merriweather,2,0.058273605484574637,169.98879788639366,0.019011233079545557,true
4374045,Teagan Quitoriano,4,0.0,169.9888189042949,0.014623971980469686,false
4372026,Cameron Latu,4,0.0,169.9889033908067,0.016635011397724844,false
4430431,Kurtis Rourke,1,0.0,169.98891228218665,0.021590566020474444,true
3119195,Chase Edmonds,2,0.0003116235587410408,169.98895083093345,0.016269228308457256,false
2576623,DeVante Parker,3,0.0009348706762231225,169.98906731343362,0.017000056666855556,false
3115349,Jakob Johnson,2,0.0003116235587410408,169.98913577637455,0.013161550723154091,false
4383440,Nate Adkins,4,0.0,169.98916753854772,0.0261408277685056,true
4036431,Darrynton Evans,2,0.0,169.98918873218597,0.028882080679716007,true
4248822,Montrell Washington,3,0.0003116235587410408,169.98928946965174,0.02394618506196761,false
3123944,Qadree Ollison,2,0.0003116235587410408,169.98929424446746,0.010236967517736461,false
4362617,Bryce Oliver,3,0.0,169.98929464045105,0.014989297276152209,false
4040774,Harrison Bryant,4,0.0006230529595015577,169.98930498237752,0.028699440086719836,false
4039505,Reggie Gilliam,2,0.0003116235587410408,169.98931026647713,0.024495018736861347,false
4361417,Zack Kuntz,4,0.0,169.98932072181563,0.015721085997996476,false
4689988,Jason Brownlee,3,0.0,169.989352989353,0.020655831799378865,false
4431431,Corey Kiner,2,0.0006232471174820816,169.9894425921131,0.016268930911882716,true
2979520,C.J. Beathard,1,0.0215625,169.98945135402505,0.013906093613626509,false
4429121,Kalel Mullings,2,0.0012464942349641633,169.98949532097924,0.09670013088335296,false
4242558,Tucker Fisk,4,0.0,169.9895215197231,0.014441462719089786,false
4431562,Phil Mafah,2,0.0003116235587410408,169.9895588398476,0.08317262432479366,false
4386544,Xavier Smith,3,0.0,169.98956428926206,0.04533315297562794,false
4242369,Matt Bushman,4,0.00031152647975077883,169.98960078205502,0.010419789556811616,false
4698191,Chris Collier,2,0.0003116235587410408,169.98961696371487,0.011699027883901772,false
4241588,Elijah Cooks,3,0.0,169.98968576455854,0.016817106653359216,false
4360086,Josh Whyle,4,0.00031152647975077883,169.98971703347513,0.04679765134287323,false
4692835,Jalen Brooks,3,0.0,169.98977052367945,0.032537326528523175,false
4241983,Cody White,3,0.0,169.98978087533618,0.016634372829305744,false
4243322,Jake Haener,1,0.0,169.98979030449226,0.022322531301861005,false
4384171,Tanner McLachlan,4,0.0,169.99001828308127,0.012979012388558727,false
4429012,Kendall Milton,2,0.0006232471174820816,169.99002372535654,0.01681741406667008,false
4360175,Clayton Tune,1,0.0,169.99008654436193,0.017016355828467816,false
3928925,JaMycal Hasty,2,0.0,169.9901133451346,0.0213875199251254,false
3699935,Devine Ozigbo,2,0.0,169.99014499799202,0.009688558543572007,false
4245645,Gary Brightwell,2,0.0003116235587410408,169.99018742701338,0.022849830911251257,false
3121410,Parris Campbell,3,0.0,169.9901875307135,0.029796016108128466,false
4887918,Junior Bergen,3,0.0003116235587410408,169.99028305425955,0.021386894403579836,false
4373030,Ben Sims,4,0.0,169.9902984443693,0.02102222872184849,false
3120303,Ross Dwelley,4,0.0,169.99030352349348,0.011333806184602111,false
4373266,Antoine Green,3,0.0003116235587410408,169.99038852752665,0.012247330264798247,false
3139602,D'Ernest Johnson,2,0.0006232471174820816,169.990393405374,0.020839121978327314,false
4569603,Malik Washington,3,0.0040511062636335304,169.9904202311192,0.30965581408952236,false
4248557,E.J. Jenkins,4,0.0,169.9904304955957,0.012247755644478728,false
4259324,Travis Vokolek,4,0.0,169.9905625980861,0.012978964936686415,false
4034862,Jack Stoll,4,0.0,169.9905678821857,0.012978941210880373,false
4372519,Jashaun Corbin,2,0.0006232471174820816,169.9905785997358,0.048624084642466744,false
4036131,Noah Fant,4,0.0024922118380062306,169.99067356417802,0.7712331321314844,false
4044111,Chris Oladokun,1,0.0009375,169.99072124591342,0.013539945584056532,false
2511973,Eric Tomlinson,4,0.0,169.99078418938913,0.00895759219921685,false
4242896,Curtis Hodges,4,0.0,169.9908372260151,0.010968420090489464,false
4360978,David Martin-Robinson,4,0.00031152647975077883,169.99087426352082,0.010785396207927815,false
4361988,James Mitchell,4,0.0,169.99087964406306,0.011333744029219123,false
3045238,Godwin Igwebuike,2,0.0009348706762231225,169.99091115655534,0.011333785466065366,false
2508256,MyCole Pruitt,4,0.0,169.99095328683154,0.0067638095969317896,false
4249616,Owen Wright,2,0.0003116235587410408,169.99102240962964,0.020838664863086314,false
3916749,Giovanni Ricci,4,0.0,169.991048640651,0.01115081940242576,false
4431479,Ricky White III,3,0.0,169.99106496525852,0.029795525918451655,false
4391845,Cody Schrader,2,0.0,169.9912179656539,0.02157008266094389,false
3122672,Royce Freeman,2,0.0003116235587410408,169.99131294023155,0.014441066737836144,false
4038952,Hunter Kampmoyer,4,0.0,169.99131808670288,0.00804350806635894,false
3912092,Donald Parham Jr.,4,0.0,169.99137088293887,0.013527495548722748,true
4035170,Marquez Callaway,3,0.0,169.99138186122207,0.009139665049555264,false
4361653,Devin Leary,1,0.0,169.9914248230477,0.01811425152461617,false
3918639,Gerald Everett,4,0.0,169.99145014610843,0.017183732489502383,false
3122154,Khari Blasingame,2,0.0003116235587410408,169.99152949879786,0.011333723310909623,false
4258170,Tarik Black,3,0.0003116235587410408,169.99153505133395,0.014258112043169176,false
4367186,Chase Cota,3,0.0009348706762231225,169.99158260722533,0.012430148960711589,false
4428811,Xavier Weaver,3,0.0,169.99161448838868,0.020472999404089483,false
4241273,Roger Carter Jr.,4,0.0071651090342679125,169.99164570607257,0.008226315067867099,false
3125116,D'Onta Foreman,2,0.0,169.99165099025598,0.022667239440996627,false
4046692,Chase Claypool,3,0.0003116235587410408,169.991714663144,0.01809719840744654,false
12477,Brian Hoyer,1,0.0,169.9917473416918,0.013174097528575898,false
3929924,Zach Gentry,4,0.0,169.9918306093224,0.0049357980637047,false
2574630,Jeff Driskel,1,0.0,169.99184256467228,0.012076322357298124,false
3916564,Tyree Jackson,4,0.0,169.99188353721365,0.012430603414394274,true
4036026,Dez Fitzpatrick,3,0.0,169.99190493048914,0.016268871433872522,false
3910176,Kristian Wilkerson,3,0.0,169.99196296942125,0.01224739742804654,false
4035198,Brandon Johnson,3,0.0,169.99203703018742,0.012612945268957348,false
15839,Marquise Goodwin,3,0.0,169.99204738805577,0.009322850306100252,false
16813,Logan Thomas,4,0.0,169.99206827309237,0.010237248227676401,false
3916430,Nyheim Miller-Hines,2,0.004985976939856653,169.99206848265476,0.017000336350740705,false
3915145,Kirk Merritt,2,0.0003116235587410408,169.9921477034939,0.011150982474677216,false
4427391,Kenny McIntosh,2,0.0,169.99215856190983,0.05538748389101644,true
4361604,Blake Watson,2,0.0003116235587410408,169.9921953848674,0.021387441732931174,false
4361438,Cole Turner,4,0.0,169.99226936226202,0.006946488275973012,false
4426426,Joseph Ngata,3,0.0006232471174820816,169.99226956650392,0.01224755414515728,false
4240657,Michael Carter,2,0.0,169.99227472800385,0.03144119491164476,false
4426893,Joshua Cephus,3,0.0,169.9922801752152,0.01955913347554834,true
4034779,Ko Kieft,4,0.0,169.9923010668597,0.021022267150970955,false
4242504,Johnny Johnson III,3,0.0,169.99230651357192,0.010602185878254003,false
4401805,Dareke Young,3,0.0003116235587410408,169.9923330550477,0.01480639270574945,false
4258248,Peyton Hendershot,4,0.00031152647975077883,169.99234850246242,0.010602651028365747,false
3722362,Brett Rypien,1,0.0,169.9923770327031,0.027079841619520904,false
4361426,Justin Shorter,4,0.0,169.9923908161378,0.009871379580137321,false
4034704,Michael Bandy,3,0.0003116235587410408,169.99239105737882,0.011698963727728554,false
4362018,Blake Whiteheart,4,0.0,169.9924066686042,0.023764432322552813,false
4361778,Kearis Jackson,3,0.0003116235587410408,169.99242272126816,0.012064798938297695,false
3917612,Ke'Shawn Vaughn,2,0.0,169.99245430574857,0.01060230216195565,false
4429939,Jawhar Jordan,2,0.0003116235587410408,169.9924596695359,0.011333474697103748,false
4035693,Velus Jones Jr.,2,0.0009348706762231225,169.99247552166722,0.017731371549008963,false
4363554,Thomas Odukoya,4,0.00031152647975077883,169.99249121509155,0.006215313068975351,false
3919510,Alex Bachman,3,0.0,169.992597054674,0.015354946029192679,false
4035826,Demetric Felton,2,0.0,169.99260762276154,0.011333453979778925,false
4036224,Jake Funk,2,0.0003116235587410408,169.99271318812552,0.014624159110851126,false
4383429,Jacob Saylors,2,0.0006232471174820816,169.9927714663144,0.02010770417545617,false
16799,Allen Robinson,3,0.0003116235587410408,169.99279781028068,0.009139898949277216,false
4710855,Konata Mumpfield,3,0.0003116235587410408,169.99282985569886,0.036924381790795956,false
3910544,Joshua Kelley,2,0.0003116235587410408,169.99284521570036,0.009140032611636359,false
2971618,Nelson Agholor,3,0.0,169.99284532912014,0.017731533613138152,false
4428952,Jalen Wydermyer,4,0.0,169.99285585956903,0.006946640659419005,false
3049698,Anthony Firkser,4,0.0,169.99286095507844,0.006215381240516973,false
3948283,Stephen Carlson,4,0.0,169.9929034542159,0.015172592813309472,false
3925346,Derrick Gore,2,0.0003116235587410408,169.99300902538522,0.008957346578019403,false
3932144,Jacob Harris,3,0.0,169.99301460486546,0.007860212518211016,false
4027873,Samori Toure,3,0.0,169.9930780489609,0.012430080795525171,false
4426475,Tyrion Davis-Price,2,0.0,169.99312553170128,0.0127956947970877,false
4244049,Quintin Morris,4,0.0,169.99322042854502,0.00877455962678873,false
4700712,Cam Grandy,4,0.0,169.99323113992676,0.01005410938871015,false
3045260,Corey Clement,2,0.0,169.99327319900868,0.00877455962678873,false
2576399,Nick Vannett,4,0.0,169.99331547269912,0.013344496400641996,false
16782,Jerick McKinnon,2,0.0003116235587410408,169.99333129009418,0.011699412835718308,false
4373273,British Brooks,2,0.0006232471174820816,169.99337905816705,0.008957117343721153,false
4259908,Braylon Sanders,3,0.0,169.99338451702218,0.012795671407158263,false
4390717,Josh Johnson,2,0.0,169.9933948754802,0.007312079555425563,false
4248909,Elijah Dotson,2,0.0,169.99339494528374,0.013161430428130363,false
11387,Matthew Slater,3,0.0006232471174820816,169.9934001595798,0.009871072821097773,false
4362186,Erik Ezukanma,3,0.0003116235587410408,169.99343728698923,0.02595707577089773,false
3049916,Matt Breida,2,0.0,169.99346343061566,0.009140149569407554,false
4427834,Erick All Jr.,4,0.0,169.99347942107406,0.05027073073534197,true
4044144,Kenny Yeboah,4,0.00031152647975077883,169.99350584157213,0.019376939979014407,true
4362523,Will Mallory,4,0.0,169.99359560358266,0.010968199533485913,false
4244651,D'vonte Price,2,0.0,169.99360092155183,0.006398081306817248,false
4360290,Brayden Willis,4,0.0,169.99360095536522,0.013710174228894102,false
4361008,Cole Fotheringham,4,0.002803738317757009,169.9936167402045,0.017366315928019363,false
3916587,Tyler Mabry,4,0.0,169.99368015007002,0.0071293166641378915,true
3050487,Anthony Miller,3,0.0,169.99375422725737,0.01023664939841405,false
4361112,Devin Culp,4,0.0,169.99381231934984,0.0188286392743479,false
4241410,Jelani Woods,4,0.0,169.99384924304474,0.03016254871708626,false
4372526,Deneric Prince,2,0.0,169.9939074653365,0.009871108909406984,true
4432338,Luke Lachey,4,0.00031152647975077883,169.99392328544178,0.017366252435845407,false
3923392,Mitchell Wilcox,4,0.0,169.99403937815072,0.008043419842751143,false
4260406,Zander Horvath,2,0.0,169.99406592477516,0.007129290599024933,false
4240577,Brandon Smith,3,0.0,169.99412420542032,0.010419389570008245,false
4427985,Bub Means,3,0.003427859146151449,169.99414018123696,0.046978221846883904,true
4240069,Malik Cunningham,3,0.0,169.99416119333583,0.015537686200889486,false
4046715,Trishton Jackson,3,0.0,169.99416125503956,0.011698899572258984,true
4035426,Stephen Sullivan,4,0.0,169.99417154572933,0.005301383661135557,true
4362504,Brevin Jordan,4,0.00031152647975077883,169.9941979973051,0.03199058197266725,true
4432208,Caleb Lohner,4,0.0,169.9942667519168,0.01334459397701805,false
4047839,N'Keal Harry,4,0.0,169.99434063959757,0.007129460025666057,false
4573243,Chandler Brayboy,3,0.0003116235587410408,169.99435147659483,0.006580643038502246,false
4746079,Zach Davidson,4,0.0,169.9944411859508,0.014989763088622403,false
4362019,A.T. Perry,3,0.0,169.99445709666,0.015903249746827577,false
4567506,Tahj Washington,3,0.0,169.99450471062545,0.016817198876172404,false
3128452,Jordan Akins,4,0.00031152647975077883,169.99453081239895,0.007495004853472655,false
5065495,Kaden Davis,3,0.0,169.99462101397586,0.01261285304563842,false
3914307,Maurice Alexander,3,0.0,169.99476356796,0.010967758446087984,false
3115255,Brandon Powell,3,0.0,169.994821664465,0.006946297806066677,false
4250945,Colton Dowell,3,0.0,169.99487978863937,0.005849513941950886,false
4247812,Lance McCutcheon,3,0.0,169.99490095164623,0.010053796953516728,false
4039034,Shane Buechele,1,0.0,169.99491096839722,0.01189319544545506,false
2970262,J.P. Holtz,2,0.0,169.9949588357764,0.006763735409982908,false
16763,Jordan Matthews,4,0.0,169.994974661939,0.006398186571120413,false
4362452,Jaret Patterson,2,0.0,169.99500652586303,0.008957133717210491,false
3045144,Tyler Boyd,3,0.0,169.99517561705073,0.03930170916735216,false
3917849,Lawrence Cager,4,0.0,169.99522312346429,0.007860528629690496,false
4570242,Nick Nash,3,0.0,169.99524451137356,0.04515027547151877,false
3929636,Irvin Charles,3,0.0003116235587410408,169.99524964464806,0.007860269991134348,true
3047536,David Wells,4,0.0009345794392523365,169.99528643370095,0.005118624113838201,false
4408854,Jody Fortson,4,0.0,169.99532352241803,0.005301325514182873,false
2574576,C.J. Uzomah,4,0.0,169.99537626624252,0.00914026653017202,false
4360406,Mataeo Durant,2,0.0,169.9953922407871,0.006946488275973012,false
4274040,Troy Hairston,2,0.0,169.99543451380742,0.007311972623974495,false
17359,Damien Williams,2,0.0,169.9954661227423,0.008591772007275586,false
4426535,Theo Wease Jr.,3,0.0,169.9954769541302,0.027602141633717752,false
4243315,Salvon Ahmed,2,0.0,169.99552436762536,0.012613106663010692,true
4259147,Jake Tonges,4,0.0,169.99559306092038,0.008957313829544145,false
2582410,Tyler Kroft,4,0.0,169.99560875079266,0.006215483500633431,false
4379405,Jaylen Johnson,3,0.0003116235587410408,169.9956248811109,0.0060322671453483905,false
3128724,Isaiah McKenzie,3,0.0,169.9956512089956,0.006215210814466817,false
3121378,Matt Sokol,4,0.0006230529595015577,169.99565637830725,0.006763747774361374,false
4572786,Dennis Houston,3,0.0,169.99570949248368,0.00731178550146053,false
4432731,Moliki Matavao,4,0.00031152647975077883,169.9957516288065,0.009322884390749506,false
4242442,Princeton Fant,4,0.0,169.9957674362077,0.008774511506492224,false
14053,Randall Cobb,3,0.0003116235587410408,169.99584667575536,0.009688452278888496,false
4035912,Kwamie Lassiter II,3,0.0,169.9958784676354,0.008225999276112063,false
4240861,Dalton Keene,4,0.00031152647975077883,169.995920631985,0.006580919720091547,false
3915821,Tony Brown,3,0.0003116235587410408,169.99598938958403,0.004387215653585452,false
4369466,Ryan Miller,3,0.0,169.9959947794751,0.012064490183892078,false
3122899,Richie James,3,0.0,169.99599995772743,0.005118418262516361,false
4569156,Michael Wiley,2,0.0003116235587410408,169.99604227212683,0.008591363668768198,false
4362489,John Stephens Jr.,4,0.00031152647975077883,169.99608448218467,0.014258581198049866,false
3914240,Tyler Davis,4,0.0,169.99615311449767,0.0051184463321761985,false
2514206,Blake Bell,4,0.0,169.99615831748045,0.0074951418684109025,false
3918003,Brycen Hopkins,4,0.0,169.996200631995,0.0038389610674505457,false
3052083,Devon Allen,3,0.0,169.99622717281028,0.006215222175912724,false
4036129,Dominique Dafney,4,0.0,169.996258857472,0.007494895245128775,false
4241941,Anthony McFarland Jr.,2,0.0,169.99636452025405,0.0060324656332260895,false
4047836,Frank Darby,3,0.0003116235587410408,169.99638044914136,0.005301199533494442,false
3144991,Parker Hesse,4,0.0,169.99641200156412,0.005849834742168533,false
4362227,Bryce Ford-Wheaton,3,0.0003116235587410408,169.99642277797446,0.008774174679194238,true
4916349,Nikola Kalinic,4,0.0,169.996459728086,0.0065808355101884125,false
4360231,Lucas Krull,4,0.0,169.99647018415283,0.027786105484830976,false
3128317,Juwann Winfree,3,0.0003116235587410408,169.99650196302227,0.004935518366526217,false
14167,Taiwan Jones,2,0.0,169.99650711787024,0.006215324430795104,false
4034952,La'Mical Perine,2,0.0,169.99653361233527,0.006215278983765326,false
2577667,Damiere Byrd,3,0.0,169.99654418059035,0.004387231693361753,false
2576854,Stephen Anderson,4,0.0,169.99655463961108,0.004387400118094187,false
4036275,Sean McKeon,4,0.00031152647975077883,169.99656001479565,0.008774527546532417,false
3940587,Jesper Horsted,4,0.0,169.99658111528564,0.0040217613852408666,false
4046676,Tony Jones Jr.,2,0.023995014023060143,169.9965811694831,0.006946450181156109,false
4249624,Nick Muse,4,0.0,169.9966657331424,0.008774511506492224,false
4570674,Kevin Harris,2,0.0,169.9966869045543,0.006580727243479596,false
4039253,Trevon Wesco,4,0.0,169.99670266956946,0.004021746681144954,false
3046704,Geoff Swaim,4,0.0,169.99672375436612,0.004021717273275689,false
4428119,Lew Nichols,2,0.0003116235587410408,169.99674504623513,0.011516083215582906,false
4685035,Zach Evans,2,0.0,169.99680845442538,0.013344276859013146,false
3914328,Andy Isabella,3,0.0,169.9968506932702,0.009139915656858318,false
15072,Marvin Jones Jr.,3,0.0,169.99690878539045,0.0065808475400426295,false
3914151,Josiah Deguara,4,0.0,169.9969351898333,0.00712922543707636,false
4426891,Isaiah Spiller,2,0.0,169.9969510906324,0.009322748053647845,false
3128451,Tre'Quan Smith,3,0.0,169.9971413172134,0.005118408906031497,false
4879650,Grant DuBose,3,0.001869741352446245,169.9971519907004,0.009322543555471876,false
4360763,Brycen Tremayne,3,0.0006232471174820816,169.99717309633135,0.008591379373377693,false
4431509,Kaden Prather,3,0.0,169.99726820710902,0.011698920957337326,true
4259979,Lynn Bowden Jr.,3,0.0,169.9972998678996,0.004204391944385035,false
3871102,David Sills V,3,0.0,169.99731045014292,0.009870964557753369,false
4428116,Isaiah Neyor,3,0.0006232471174820816,169.99739504900796,0.01590313346567665,false
17258,Willie Snead IV,3,0.0,169.99740020925145,0.0045700330139184925,false
4035776,Kendric Pryor,3,0.0,169.99743198186536,0.012612945268957348,false
4362603,Brenden Bates,4,0.0,169.99745303706834,0.011699412835718308,false
3699902,Stanley Morgan Jr.,3,0.0,169.99753233851877,0.003655959579710887,false
4242270,Kyric McGowan,3,0.0,169.99759048877146,0.004569999597840036,false
5097554,Kameron Johnson,3,0.0,169.99759586171186,0.006032200985625082,false
4360306,Justyn Ross,3,0.0003116235587410408,169.99763276089828,0.011150635951843877,false
3886809,Andre Baccellia,3,0.0,169.99768032929813,0.007860226886363054,false
4050373,Quez Watkins,3,0.0,169.99768562551517,0.017000025591436374,false
4262900,Daylen Baldwin,3,0.0,169.9977278731836,0.0049355995656672385,false
3126115,Cody Thompson,3,0.0,169.9977806898884,0.005484009542176603,false
2977800,Alex Erickson,3,0.0,169.99779651881678,0.004204415001352725,false
4062711,Ethan Fernea,3,0.0,169.9977965653897,0.004387199613926434,false
4245144,Tay Martin,3,0.0,169.99789171109572,0.004387023185417535,false
4245174,Easop Winston Jr.,3,0.0006232471174820816,169.997928665786,0.005118324699207025,false
4258190,Ben Mason,2,0.0003116235587410408,169.9979973156632,0.007129290599024933,false
4243830,Jaelon Darden,3,0.0003116235587410408,169.99801850452573,0.0042043381457771995,false
4361100,Jack Westover,4,0.0,169.9980501466353,0.005666903092301056,false
2576716,Jamison Crowder,3,0.0,169.9980501775448,0.005666747707252158,false
4875912,Tejhaun Palmer,3,0.0,169.9980872570103,0.00566661304710235,false
4369886,Chris Blair,3,0.0003116235587410408,169.99812420410774,0.012612876101341717,false
4429006,Rakim Jarrett,3,0.0,169.99821933370322,0.016451517378286193,false
4259976,Josh Ali,3,0.0,169.9982245706737,0.005301199533494442,false
4036211,DJ Turner,3,0.0,169.99825627476883,0.005301131700219175,false
4241224,Abram Smith,2,0.0,169.9982879426778,0.005666872014609562,false
3929637,Dan Chisena,3,0.0003116235587410408,169.9982932538613,0.009505477531427485,false
4911488,Jared Bernhardt,3,0.0,169.9983144345694,0.004021570240380221,false
4036448,Jalen Virgil,3,0.0003116235587410408,169.99835667975336,0.010236593261762485,false
4426990,Jalen Cropper,3,0.0,169.99837784999076,0.00621501767624145,false
4411193,Deonte Harty,3,0.0,169.99845707552404,0.004387167534960241,false
4373642,Dax Milne,3,0.0,169.99847821951684,0.004021526132607997,false
4032247,Raleigh Webb,3,0.0,169.99856803170408,0.003655999678272028,false
4361332,Shedrick Jackson,3,0.0,169.99857332325854,0.012795741577203106,false
4367175,Kyle Philips,3,0.0,169.9985891677675,0.00859145789728638,false
4363551,Dylan Drummond,3,0.0,169.998663165181,0.005849449786129492,false
4371986,Anthony Schwartz,3,0.0003116235587410408,169.99882694848085,0.004752738765713743,false
4259169,Trestan Ebner,2,0.0003116235587410408,169.99885334432432,0.005118465045453798,false
3930298,Noah Togiai,4,0.00031152647975077883,169.99888503141463,0.004570183392319167,false
3049290,Kevin Rader,4,0.00031152647975077883,169.99895899937118,0.0036561600813130005,false
4245639,Stanley Berryhill,3,0.0,169.99915455746367,0.007129199372630455,false
4589245,Michael Strachan,3,0.0003116235587410408,169.999180999181,0.006580618980333089,false
2578533,Chris Conley,3,0.0,169.9992813662496,0.0036559662627433276,false
3120980,Keelan Doss,3,0.0,169.99933949103823,0.003107611087956362,false
4374187,Deven Thompkins,3,0.0,169.99950859171898,0.002924751624608129,false
4427267,Kaylon Geiger,3,0.0,169.99952972755904,0.004569982889984061,false
4360174,Michael Woods II,3,0.0,169.99959841479526,0.01882808858341483,false
3932430,Jalen Guyton,3,0.0,169.99979392229287,0.00383879966218563,false
3119317,Nsimba Webster,3,0.0,169.99988903449443,0.00383879966218563,false
4883647,Elic Ayomanor,3,0.010283577438454348,170.00023249055508,0.7039434359239646,false
4689546,Danny Gray,3,0.0,170.00050725212014,0.010419351477628557,false
4371974,Seth Williams,3,0.0003116235587410408,170.00077674212162,0.006032189959145623,false
4678006,Elijah Arroyo,4,0.03333333333333333,170.0136802447543,3.9241887749226296,false
4035886,Khalil Herbert,2,0.0021813649111872857,170.0219183293879,0.2305082515007714,false
3676833,KaVontae Turpin,3,0.039887815518853224,170.03011873120883,1.31887295314208,false
4429148,Theo Johnson,4,0.011214953271028037,170.03126040296118,1.5413835526039181,false
4690923,Ben Sinnott,4,0.001557632398753894,170.03347406354524,0.41897986081532895,false
4240703,Kenny Pickett,1,0.0059375,170.0500171925834,0.4671238491151543,false
16002,Kyle Juszczyk,2,0.004674353381115612,170.0537292927158,0.6620979107904411,false
4428678,Jamari Thrash,3,0.0009348706762231225,170.0544931916535,0.13892468636838073,false
4429086,Michael Mayer,4,0.0024922118380062306,170.06025987201912,0.5593761310914416,false
4427238,Dillon Gabriel,1,0.0059375,170.06638947078864,0.36502827825584183,false
4887558,Emanuel Wilson,2,0.0040511062636335304,170.07083639361068,0.33433444778149257,false
3929645,Juwan Johnson,4,0.0065420560747663555,170.07230838331265,0.8076236159528514,false
4040761,Devin Singletary,2,0.0024929884699283265,170.07490132048255,0.8375772775630924,false
3917792,Daniel Jones,1,0.0784375,170.07858416255362,2.1630859196317154,false
4722893,Jaleel McLaughlin,2,0.004985976939856653,170.08004184918443,1.0225681559772892,false
4431545,Will Shipley,2,0.16889996883764413,170.0928026800387,8.139583771284423,false
4711533,Ollie Gordon II,2,0.07665939545029604,170.09968243232532,5.292164941669379,false
4383396,Hunter Luepke,2,0.0015581177937052041,170.10226155878468,0.16652835003491429,false
4586312,Jaylin Noel,3,0.008725459644749143,170.11296518417146,0.7052255789594907,false
4596602,Brashard Smith,2,0.012464942349641633,170.11361690885073,0.6059741926285022,false
4596334,Keaton Mitchell,2,0.028980990962916797,170.11544517833553,1.5797372466653141,false
4685397,Jordan James,2,0.006544094733561857,170.12384480034663,0.40507661907260123,false
4382466,Jalen Nailor,3,0.008413836086008103,170.12797615902437,1.3956396087456426,false
4360689,Tyler Shough,1,0.0384375,170.13782559935674,1.1721158649157508,false
4427095,DeMario Douglas,3,0.16204425054534122,170.14076395090171,8.860835851343275,false
4429299,Tahj Brooks,2,0.015892801495793082,170.1410628325645,0.7204068351820302,false
3930066,Van Jefferson,3,0.0024929884699283265,170.144607661823,0.36193669032660214,false
2983509,Dare Ogunbowale,2,0.0021813649111872857,170.1485233271508,0.26816757640125327,false
4368003,Andrei Iosivas,3,0.009660330320972266,170.15095825121136,0.9282396532719626,false
4249836,Pierre Strong Jr.,2,0.0021813649111872857,170.15118337410897,0.18462663376291016,false
4569559,Devaughn Vele,3,0.00373948270489249,170.15366487720337,0.3175079011393361,false
4686612,Tre Harris,3,0.17887192271735744,170.1654540170669,16.251935341762618,false
3917668,Alec Ingold,2,0.0021813649111872857,170.16601759623768,0.22155277050642722,false
4430104,Sincere McCormick,2,0.0031162355874104083,170.1698133147335,0.46540365449719584,false
3149687,Chris Brooks,2,0.001869741352446245,170.17388386605865,0.27584265452398404,false
4695883,Jalen Coker,3,0.005609224057338735,170.18354935352457,0.8293362385388182,false
4685350,Trevor Etienne,2,0.014334683702087878,170.18552413964375,1.4036928510191808,false
4569382,Jordan Whittington,3,0.004985976939856653,170.1900293255132,0.36284735550997876,false
2577327,Tyler Lockett,3,0.08787784356497351,170.2114368447751,7.702994187109274,false
4249417,Jalen Tolbert,3,0.0031162355874104083,170.21888160293364,0.6525792417650715,false
4037235,Greg Dortch,3,0.0024929884699283265,170.2208842131961,0.2943004423646401,false
4362478,Emari Demercado,2,0.0021813649111872857,170.22247937901918,0.2720028955146942,false
4038441,Justice Hill,2,0.1442817076971019,170.22256627581942,9.61776802851659,false
3059915,Kareem Hunt,2,0.10065440947335619,170.22788448836164,11.036122906723165,false
4360078,Alec Pierce,3,0.007790588968526021,170.24167375601715,0.9487128397954875,false
4682652,Devin Neal,2,0.005297600498597694,170.2448151416358,0.5240770157405902,false
4430871,Sean Tucker,2,0.015892801495793082,170.25487844185764,0.7768871502865342,false
3121409,Noah Brown,3,0.0021813649111872857,170.260241689608,0.6145578181552298,false
3128390,Allen Lazard,3,0.0028046120286693674,170.26034483669662,0.745628867298535,false
4566192,Joshua Karty,5,0.05212620027434842,170.2641000226247,10.120667207753012,false
4241555,Elijah Mitchell,2,0.008102212527267061,170.27537028328058,0.8843733890986996,false
4695404,Isaiah Davis,2,0.004362729822374571,170.28781353863388,0.3533472015559707,false
4710341,Jarquez Hunter,2,0.009660330320972266,170.3059396680634,0.8834545577517515,false
4428718,Tre Tucker,3,0.007790588968526021,170.3099924439771,0.7008384836004892,false
4608686,Kyle Monangai,2,0.03272047366780929,170.32298205567182,1.2205331812465268,false
2576414,Raheem Mostert,2,0.024306637581801183,170.33467552300482,2.497596180211536,false
4242214,Clyde Edwards-Helaire,2,0.004674353381115612,170.34288160043118,0.5893363750694628,false
4248528,Christian Watson,3,0.011530071673418511,170.34832208736452,1.5027574621477313,true
2976499,Amari Cooper,3,0.014646307260828918,170.37371463597646,2.380952380952381,false
3915411,Ty Johnson,2,0.005920847616079776,170.3766757378002,0.7684883227797196,false
4430834,Jalen McMillan,3,0.09411031473979432,170.38671633510344,11.928446867082707,false
4243389,Calvin Austin III,3,0.01090682455593643,170.41498856016614,1.4629188548908065,false
4808766,Mason Taylor,4,0.0514018691588785,170.41565873531695,4.146680315881836,false
4038815,Rico Dowdle,2,0.052664381427235896,170.43857563316055,5.0261948546212984,false
4613202,Kyle Williams,3,0.11249610470551574,170.44307650036458,9.789054217087704,false
4371733,Kenneth Gainwell,2,0.009660330320972266,170.44355554616166,0.845981314561371,false
5081397,Dylan Sampson,2,0.15456528513555626,170.45619309805497,17.286410482328986,false
4432775,Dont'e Thornton Jr.,3,0.039264568401371144,170.46908107137008,3.2148269199483055,false
3116389,Samaje Perine,2,0.012464942349641633,170.48664429707523,0.9968046679633231,false
4361577,Dyami Brown,3,0.01121844811467747,170.51985183776128,0.9858096782271878,false
4360797,Tutu Atwell,3,0.005609224057338735,170.52636417916756,1.1163309326216504,false
3728262,Ray-Ray McCloud III,3,0.03365534434403241,170.54094826447417,2.6063049987387075,false
4243537,Gabe Davis,3,0.006544094733561857,170.5449247027741,0.6800059957517905,false
4429096,Blake Corum,2,0.09566843253349953,170.5556747388389,5.861567849667766,false
4045163,Miles Sanders,2,0.031785602991586163,170.55596594962194,2.034354989370317,false
4597500,Adonai Mitchell,3,0.028669367404175757,170.56288374354043,2.319124044894527,false
4874509,DJ Giddens,2,0.025553131816765346,170.56486887783947,1.3161406369389494,false
4361432,Romeo Doubs,3,0.10158928014957931,170.5725351777779,9.509560194494206,false
4599739,Kendre Miller,2,0.03209722655032721,170.5751062075962,2.0431180720072533,false
3115306,Josh Reynolds,3,0.010283577438454348,170.62710503093808,1.0130589921324324,false
4603186,Jack Bech,3,0.16703022748519789,170.6927779597789,25.044602054619236,false
4242433,Joshua Palmer,3,0.0732315363041446,170.74229462459908,4.3670038039911745,false
4600981,Pat Bryant,3,0.03552508569647865,170.7687869212804,3.550981610792235,false
4429059,Woody Marks,2,0.07011530071673419,170.81463046039875,4.980330937461155,false
4429025,Quentin Johnston,3,0.027734496727952633,170.8403565597375,5.070193397433554,false
16731,Brandin Cooks,3,0.02586475537550639,170.9211567828628,2.63446521014302,false
3916945,Darius Slayton,3,0.031162355874104083,170.94554850436722,2.6552943197979006,false
3932905,Diontae Johnson,3,0.031162355874104083,171.0081690453419,2.121533953500275,false
4426386,Roschon Johnson,2,0.07946400747896541,171.04145816930955,7.301094039904581,false
3929785,Nick Westbrook-Ikhine,3,0.029292614521657837,171.09443114626762,2.5909596092538973,false
4429023,MarShawn Lloyd,2,0.07572452477407292,171.19729354138155,6.125709480765188,false
4360761,Michael Wilson,3,0.08195699594889373,171.28346710488077,4.918838884217453,false
